postID,author,page_name,thread_id,text_combined,timestamp,page_created,page_likes,page_id,page_followers,type,post_format,has_hashtags,positive_engagement,interactions,comments,shares,likes,likes_love,likes_wow,likes_haha,likes_sad,likes_angry,likes_care,views_post,views_total,views_total_crossposts,hashtags,url,url_original,party,state,ideology_2021,ProGov,programmatic_matches,parochial_matches,lacracao_matches,propagandistic_matches
941076,capitaoaugustooficial,Capitão Augusto,2992532597633942,absurdo u meramente universidade federal cria cota para presos e exdetentos a universidade federal do sul da bahia ufsb decidiu criar cotas para presidiarios expresidiarios e refugiados a resolucao foi aprovada no final de junho pelo conselho universitario e sera adotada ja no proximo vestibular no segundo semestre a instituicao ira destinar uma vaga em cada curso para este publico universidade federalcria cota para presos eexdetentosa universidade federal do sul da bahia ufsbdecidiu criar cotas para presidiarios expresidiariose refugiados a resolucao foi aprovada no final dejunho pelo conselho universitario e sera adotada jano proximo vestibular 1 no segundo semestre ainstituicao ira destinar uma vaga em cada cursopara este pbic rem a,2021-07-25T19:21:30Z,2013-09-19T15:06:50Z,380258,100044736120314,556141,Photo,Image,0,1386,1876,464,392,499,5,26,27,20,443,0,0,0,0,NA,https://www.facebook.com/1378617549025463/posts/2992532597633942,https://www.facebook.com/capitaoaugustooficial/photos/a.1384073031813248/2992532550967280/?type=3,PL,SP,0.493,1,2,2,0,1
879361,danielacarneirooficial,Daniela Carneiro,1166773883735792,confira as materias aprovadas nesta semana de muito trabalho na camara dos deputados depdanieladowaguinho aforcadamulher amorpelorj amorpelobrasil amorporbelfordroxo mulheresnapolitica deputadafederal materias aprovadas nesta semana na camara dos deputados 1 invon pl 351515 que cria regras para prevenir superendividamento dos consumidores a proposta tambem proibe praticas consideradas enganosas e preve audiencias de negociacao deputadafederal daniela do waguinho photos from daniela do waguinhos post,2021-05-14T16:01:46Z,2017-05-03T23:14:08Z,27654,100044404747131,28985,Photo,Image,1,80,80,4,15,58,3,0,0,0,0,0,0,0,0,"depdanieladowaguinho,aforçadamulher,amorpelorj,amorpelobrasil,amorporbelfordroxo,mulheresnapolitica,deputadafederal",https://www.facebook.com/300746857005170/posts/1166773883735792,https://www.facebook.com/danieladowaguinho/photos/a.305134069899782/1166773650402482/?type=3,MDB,RJ,0.137,1,4,0,0,0
741801,AlexandreLeite.SP,Alexandre Leite,3927828267319589,ainda sobre a pec da prisao em segunda instancia a gazeta do povo traz materia explicando o ocorrido ontem na comissao especial traz ainda nossa sugestao de que ja seja encaminhada a voto no plenario uma vez que ja se estenderam os prazos regimentais para conclusao dos trabalhos na comissao o que afirmei e que nao se pode permitir que o relator e membros da comissao sejam execrados pela opiniao publica quando fatores externos manobraram para frear os trabalhos gazeta do povo o que esta por tras da manobra que travou a votacao da pec da prisao em 2a instancia o regimento da camara permite que proposta seja votada diretamente no plenario da casa sem ter sua tramitacao encerrada na comissao odeputado alexandre leite demsp foi um dos que sugeriu essa proposta segundo ele comissao trad nao merecem passar pelos ocorridos recentes alexandre leite deputadof wwwgazetadopovocombr lexandreleitesp alexandreleitesp i alexandreleitesp,2021-12-09T07:50:37Z,2012-04-04T12:47:49Z,28655,100044441859160,120803,Photo,Image,0,65,78,17,7,41,0,0,0,0,13,0,0,0,0,NA,https://www.facebook.com/203088656460254/posts/3927828267319589,https://www.facebook.com/AlexandreLeite.SP/photos/a.1621118061323966/3927828223986260/?type=3,DEM,SP,0.431,1,12,0,0,1
881975,depdanielalmeida,Daniel Almeida,1899117213587932,pelo adiamento do projeto sobre licenciamento ambiental na verdade este e um projeto complexo que precisaria de um profundo debate e que dissolve a politica de licenciamento ambiental do nosso paisnao tem uma voz lucida que defenda este projeto seis exministros do meio ambiente se manifestaram contra e querem debater a materia todos que estudam pesquisam formam opiniao e elaboram conhecimento dizem que este projeto nao serve e a sociedade vai ter essa aprovacao sem o debate aprofundado nao cabe,2021-05-12T18:59:13Z,2013-09-20T14:11:33Z,51813,100044203730818,67468,Native Video,Video,0,66,66,5,14,47,0,0,0,0,0,0,382,489,0,NA,https://www.facebook.com/216099355223068/posts/1899117213587932,https://www.facebook.com/depdanielalmeida/videos/929229581233973/,PCDOB,BA,-0.822,-1,8,0,0,1
282127,dep.ledasadala,Leda Sadala,376422183024631,vamos incentivar o empreendedorismo atraves das atividades que as vitimas de escalpelamento ja desempenham e vamos fomentar colocando recursos para que possamos gerar trabalho e renda nao so no artesanato como tambem na producao de perucas esta foi uma das solucoes anunciadas pela deputada federal do avante leda sadala durante a acao de combate ao escalpelamento realizada pela prefeitura de santana em parceria com a fundacao orvalho de hermom e a marinha do brasil a presidente da fundacao orvalho de hermom ester de paula disse que junto com a deputada leda sadala e a prefeitura de santana estao discutindo uma agenda politica para as 26 vitimas de escalpelamento so no municipio de santana sao doacoes de peruca atendimento na policlinica alberto lima e acoes para trabalha a autoestima das mulheres com escalpelamento afirmou ester de paula a deputada leda sadala lembrou de suas origens eu venho de uma regiao ribeirinha onde mais acontece esse tipo de acidente eu nao poderia ficar alheia a essa causa agradeco a ester de paula por ter me apresentado a proposta e o projeto pode contar com o nosso apoio leda sadala afirmou ainda que a parceria com a prefeitura de santana com o prefeito ofirney sadala esta dando certo saio daqui gratificada com a receptividade com o projeto com os depoimentos que sensibilizam com certeza vamos investir incentivar conscientizar educar e acima de tudo investir na geracao de renda para essas nossas guerreiras concluiu a deputada ledasadala afederaldoamapa deputadapresente deputadamunicipalista avanteap avantebrasil photos from leda sadalas post,2019-09-02T14:29:58Z,2018-06-28T18:10:20Z,2985,100051021291554,5060,Photo,Image,1,151,151,8,28,101,14,0,0,0,0,0,0,0,0,"LedaSadala,AFederalDoAmapá,DeputadaPresente,DeputadaMunicipalista,AvanteAp,AvanteBrasil",https://www.facebook.com/184298072237044/posts/376422183024631,https://www.facebook.com/dep.ledasadala/photos/a.188800965120088/376421929691323/?type=3,PP,AP,0.51,1,2,7,0,1
427770,RicardoBarrosOficial,Ricardo Barros,3026545664034143,em sessao realizada online o congresso nacional reconheceu estado de calamidade publica no brasil devido a pandemia do coronavirus o governo federal tera a possibilidade de destinar recursos a todo pais para combater a propagacao do virus a votacao foi unanime todos a favor do brasil timeline photos,2020-03-20T11:11:22Z,2010-08-05T18:16:49Z,34155,100044641440106,59617,Photo,Image,0,488,502,42,53,388,4,1,0,12,2,0,0,0,0,NA,https://www.facebook.com/800038830018182/posts/3026545664034143,https://www.facebook.com/RicardoBarrosOficial/photos/a.800606629961402/3026545664034143/?type=3,PP,PR,0.51,1,2,2,0,0
291945,ZambelliOficial,Carla Zambelli,2790022037754951,protocolado hoje o nosso pl 3422020 que aumenta a pena do crime de maustratos a animais art 32 da lei n 9605 para os casos de promocao financiamento ou organizacao de rinha entre caes casos chocantes como o dos 14 pitbulls em mairipora demandam uma resposta do congresso saiba mais sobre o projeto acessando nosso site httpswwwcarlazambellicombrcarlazambelliqueragravarpenacontrarinhasdecaes,2020-02-17T19:07:00Z,2011-12-25T19:19:47Z,553061,100043932348669,705432,Photo,Image,0,6141,6148,348,996,4193,598,6,4,3,0,0,0,0,0,NA,https://www.facebook.com/198620036895177/posts/2790022037754951,https://www.facebook.com/198620036895177/photos/a.1033954643361708/2790021871088301/?type=3,PL,SP,0.493,1,2,0,0,0
987722,pauloganime,Paulo Ganime,950969985502632,nao foi hoje que votamos a pec 52021 a proposta altera a composicao do conselho nacional do ministerio publico e acaba com a independencia do mp prejudicando o combate a corrupcao alem disso nao seguiu a tramitacao conforme manda o regimento interno da camara por isso hoje apresentamos requerimentos de retirada de pauta e de adiamento de discussao para impedir o avanco da proposta que infelizmente nao foram aprovados no entanto saimos vitoriosos dessa batalha com o adiamento da votacao provavelmente a materia ira voltar ao plenario na semana que vem quando continuaremos trabalhando firme para que nao seja aprovada mais do que nunca precisamos reforcar e fortalecer o combate a corrupcao e essa medida vai na direcao contraria,2021-10-14T16:21:39Z,2017-06-26T20:04:36Z,36475,100044501313558,68947,Native Video,Video,0,96,96,6,23,66,1,0,0,0,0,0,290,293,0,NA,https://www.facebook.com/122316191701353/posts/950969985502632,https://www.facebook.com/pauloganime/videos/2929427977274707/,NOVO,RJ,0.711,1,11,0,0,0
388220,samia.bomfim.psol,Sâmia Bomfim,798426077231834,os servidores sao os trabalhadores que garantem o funcionamento dos servicos publicos professores enfermeiros medicos profissionais da seguranca do servico funerario entre tantos outros o banqueiro guedes quer que eles paguem a conta da pandemia guedes propoe congelar salarios de servidores em projeto de socorro a estados e municipios economia estadao governo tambem aumentou de tres para quatro meses o prazo de duracao da ajuda financeira desde que haja contrapartida de suspensao dos reajustes salariais e promocoes por dois anos,2020-04-27T13:25:12Z,2016-04-19T17:24:36Z,397030,100044232379495,567288,Link,Text,0,4120,6372,976,1697,1372,14,59,29,298,1925,2,0,0,0,NA,https://www.facebook.com/101868150220967/posts/798426077231834,"https://economia.estadao.com.br/noticias/geral,guedes-propoe-congelar-salarios-de-servidores-federais-em-projeto-de-socorro-a-estados-e-municipios,70003284112",PSOL,SP,-0.874,-1,2,1,0,0
698022,ViniciusPoit,Vinicius Poit,1302622636785378,retrospectiva2020 fake news se combate com informacao por isso hoje vamos relembrar nossa posicao sobre o decreto que autorizou estudos para realizacao de parcerias publicoprivadas com as ubs inacabadas inoperantes ou ineficientes do sus infelizmente o presidente voltou atras e revogou o decreto mas o nosso trabalho pela desburocratizacao e melhoria das areas essenciais continuara em 2021 a todo vapor photos from vinicius poits post,2020-12-29T12:02:27Z,2016-12-21T11:59:25Z,314278,100044460758408,412326,Photo,Image,1,614,621,88,57,440,24,2,6,1,0,3,0,0,0,RETROSPECTIVA2020,https://www.facebook.com/345383669175951/posts/1302622636785378,https://www.facebook.com/login/?next=https%3A%2F%2Fwww.facebook.com%2FViniciusPoit%2Fphotos%2Fa.1267562763624699%2F1302622470118728%2F%3Ftype%3D3,NOVO,SP,0.711,1,2,0,0,1
903051,helder.salomao.1350,Helder Salomão,2235790319894685,indiquei r 150 mil por meio de emenda parlamentar individual ao hospital apostolo pedro em mimoso do sul esse montante contribuiu para a aquisicao de ventilometro e respirometros equipamentos hospitalares essenciais para o atendimento dos pacientes principalmente durante a pandemia da covid19 e mais saude para nossa populacao emenda parlamentar helder individual 2019 saude salomao mimoso do sul hospital apostolo pedro r 150 mil paga emenda equipamentos hospitalares,2021-08-26T08:00:10Z,2015-04-24T18:24:11Z,48292,100044269127763,58570,Photo,Image,0,45,45,2,1,42,0,0,0,0,0,0,0,0,0,NA,https://www.facebook.com/546851998788534/posts/2235790319894685,https://www.facebook.com/546851998788534/photos/a.548756568598077/2235790249894692/?type=3,PT,ES,-0.691,-1,0,5,0,0
107234,dulcepaganimiranda,Dulce Miranda,2339337782754285,gracas a deputada dulce miranda temos agora o primeiro veiculo para ser usado no cras de ananas nossos idosos e cadeirantes agora poderao se locomoverem disse o prefeito de ananas valber saraiva o microonibus no valor de r280 mil e uma cadeira odontologica no valor de r25 mil foram entregues na manha desta sextafeira 15 a populacao de ananas em funcao de compromissos em brasilia o chefe de gabinete do tocantins glauber de oliveira santos representou a deputada federal dulce miranda a deputada dulce miranda trabalha incansavelmente para ajudar o povo tocantinense so para esta cidade ja sao quase r1 milhao em emendas e o municipio continuara sendo atendido disse glauber alem do gabinete odontologico no valor de r25 mil reais do microonibus de r280 mil ananas ja recebeu uma patrulha mecanizada para a associacao comunitaria de ananas aca no valor de r292 mil reais e ainda consta emenda de r300 mil para a estruturacao hospitalar assessoria de comunicacao sonia pugas 63984196038 fotos gildo barbosa vieira photos from dulce mirandas post,2019-03-15T10:04:37Z,2014-07-30T11:20:14Z,15363,100044908363016,18199,Photo,Image,0,88,88,20,5,57,6,0,0,0,0,0,0,0,0,NA,https://www.facebook.com/794959433858802/posts/2339337782754285,https://www.facebook.com/dulcepaganimiranda/photos/a.2104431402911592/2339337306087666/?type=3,MDB,TO,0.137,1,0,5,0,0
967412,DrMauroNazif,Dr Mauro Nazif,4153666988025101,nazif participa de reuniao com indigenas e defende demarcacao de terras nazif participou na terca 29 de reuniao com indigenas que estavam protestando em frente a camara dos deputados em brasilia a favor da demarcacao de terras indigenas para mauro e importante que a casa receba as liderancas para falar das suas reivindicacoes como a luta contra o projeto de lei 49007 que preve o fim das demarcacoes e a revisao de terras indigenas e tambem para evitar novos conflitos entre as forcas policiais e os manifestantes os indigenas acampados em brasilia e no brasil inteiro estao lutando pela demarcacao de suas terras e o minimo que a camara a presidencia da casa deve fazer e recebelos apos o encontro com os indigenas encaminhei oficio ao presidente da casa o deputado federal arthur lira ppal solicitando audiencia para as liderancas indigenas disse nazif mauronazif psb drmauro rondonia indigenas nazif participa de reuniao com indigenas e defende demarcacao de terras,2021-07-02T17:15:18Z,2013-08-27T14:22:06Z,15010,100044207420530,20748,Native Video,Video,1,184,185,15,50,102,17,0,0,1,0,0,1245,2354,0,"MauroNazif,PSB,DrMauro,Rondônia,indígenas",https://www.facebook.com/571065382951964/posts/4153666988025101,https://www.facebook.com/DrMauroPVH/videos/649061119828445/,PSB,RR,-0.427,-1,3,2,0,0
583294,RobertoAlvesRepublicanos,Roberto Alves Republicanos,3421591747917590,o trabalho nao pode parar em potirendabasp hoje juntamente com o prefeito flavio daniel alves visitei as pracas santo antonio e do rosario revitalizadas com recursos federais encaminhados por mim tambem visitei o local onde sera construida uma escola municipal e as obras do anel viario que ira ligar os bairros luiz pastorelli ao bairro rural cana do reino em seguida reuniao com os candidatos a vereador de potirendaba apoiados pelo partido republicanos estamos juntos e fortes na luta para que potirendaba continue avancando photos from roberto alves republicanoss post,2020-10-26T12:47:23Z,2015-03-31T19:35:28Z,12528,100047151369911,107316,Photo,Image,0,71,71,4,10,56,1,0,0,0,0,0,0,0,0,NA,https://www.facebook.com/798681053542019/posts/3421591747917590,https://www.facebook.com/RobertoAlvesRepublicanos/photos/a.798695846873873/3421586831251415/?type=3,REPUBLICANOS,SP,0.55,1,0,6,0,0
875645,Luizcarlosjr45,Luiz Carlos,3881808328534163,na manha desta segundafeira 17 estive presente no lancamento do programa alimento na mesa de autoria da prefeitura municipal de santana e que tem recurso nosso foi destinada emenda de 4 milhoes para atender 6525 familias nesse momento de pandemia o momento teve a presenca do sen davialcolumbre que tambem tem realizado acoes de garantia da seguranca alimentar do povo de santana vale um agradecimento especial a camara de vereadores de santana e a prefeitura municipal de santana na pessoa do prefeito balarocha pelo empenho em fazer acontecer esse recurso em favor dos que precisam o vale foi dividido em tres parcelas 1 no valor de r30000 e 2 de r25000 e tambem tem emenda do senador randolferodrigues para se cadastrar e obter mais informacoes basta entrar httpssantanaapgovbrsaibaosrequisitosehttpswwwsantanaapgovbrsaibaosrequisitoseenderecosparaocadastramentodoauxilioalimentacaodesantanaoalimentonamesa nosso mandato cuida do povo de santana deputadoluizcarlos santana amapa alimentonamesa photos from luiz carloss post,2021-05-18T09:03:29Z,2013-01-21T12:49:49Z,13112,100044830629190,14850,Photo,Image,1,128,128,16,33,70,8,0,0,0,0,1,0,0,0,"DeputadoLuizCarlos,Santana,Amapá,AlimentoNaMesa",https://www.facebook.com/470780289637001/posts/3881808328534163,https://www.facebook.com/470780289637001/photos/a.575619152486447/3881808121867517/?type=3,PSDB,AP,0.157,1,0,11,0,0
213121,baleia.rossi,Baleia Rossi,2609643492437645,vestiario para funcionarios da beneficencia portuguesa agora de manha entregamos aos 670 funcionarios da beneficencia portuguesa de ribeirao preto o novo vestiario esse e mais um trabalho feito em parceria com toda a diretoria do hospital representado pelo presidente ricardo marques e com o apoio do deputado estadual leo oliveira e dos vereadores alessandro maraca igor oliveira e marinho sampaio parabens para toda equipe que cuida com tanto carinho das pessoas nos momentos que elas mais precisam confiram as ultimas tres fotos que mostram como era o vestiario antes da reforma forte abraco baleia rossi baleiarossi trabalhocontinua ribeiraopreto beneficenciaportuguesa hospital saude beneficencia ribeirao preto photos from baleia rossis post,2019-11-14T08:35:20Z,2011-05-23T17:58:27Z,62218,100044495886952,159964,Photo,Image,1,375,375,156,28,172,18,1,0,0,0,0,0,0,0,"BaleiaRossi,TrabalhoContinua,RibeirãoPreto,BeneficênciaPortuguesa,Hospital,Saúde",https://www.facebook.com/520798404655508/posts/2609643492437645,https://www.facebook.com/BaleiaRossi/photos/a.1749619398440063/2609643115771016/?type=3,MDB,SP,0.137,1,1,2,0,0
869451,coronel.armando,Coronel Armando,770941730268030,partidos de esquerda tentam tirar a forca o ministro ricardo salles partidos de esquerda e politicos de oposicao buscam a todo o momento causar o caos afinal caso o governo federal fosse um fracasso estariam pavimentando o caminho para o retorno deles ao poder para esse grupo nao importam se os ataques atrapalham o desenvolvimento do brasil ou se este governo esta fazendo um bom trabalho em suas ideologias o poder vale muito mais do que o sucesso de uma grande nacao foram 16 anos so de pt com nomeacoes de todo tipo de ministros assim como os demais escaloes do poder executivo e tambem no judiciario stf alem claro de aparelhar diversas instituicoes por todo o brasil ao remexer neste vespeiro sabiamos que os ataques destes que perderam a mamata seriam diarios e barulhentos ainda mais com boa parte da grande imprensa os apoiando agora estes partidos ao observarem que ministros do stf acatam diversas de suas acoes contra o governo enviaram ao poder judiciario mais um pedido de impeachment desta vez contra o ministro do meio ambiente ricardo salles isso depois dos elogios estrangeiros feitos ao governo brasileiro na cupula do clima a deputada fernanda melchionna do psol enviou ao ministro alexandre de moraes do stf o pedido absurdo de impeachment de salles que conta ainda com o apoio das liderancas do pt pcdob psb pdt e rede porem como bem menciona o jornalista jose maria trindade da jovem pan so quem pode nomear ou demitir um ministro e o presidente da republica a oposicao pode continuar atacando pois 2022 esta logo ali e o povo brasileiro esta vendo quem realmente esta lutando pelo brasil e os que o atacam diariamente na luta insensata de impor a forca suas ideologias fracassadas voce caro eleitor ja percebeu esse movimento de destruicao intencional contra o trabalho do governo brasileiro brasil acima de tudo e deus acima de todos deputadocoronelarmando ricardosalles,2021-05-22T19:31:43Z,2018-04-23T18:40:37Z,24896,100044442369047,46253,Native Video,Video,1,539,586,60,120,355,0,3,5,2,40,1,2702,3318,0,"DeputadoCoronelArmando,RicardoSalles",https://www.facebook.com/158981268130749/posts/770941730268030,https://www.facebook.com/coronel.armando/videos/953947022048009/,PL,SC,0.493,1,0,4,1,3
900185,padrejoao,Padre João,1933914370123490,ainda em sao pedro dos ferros visitamos a secretaria municipal de saude e o hospital municipal na secretaria de saude fomos recebidos pela coordenadora de atencao primaria tamara e por servidores o hospital da cidade instalado no anexo a secretaria recebeu recursos no valor de r 110 mil do nosso mandato a verba possibilitara a compra de equipamentos e materiais permanentes contribuindo com o retorno do funcionamento do hospital que atualmente apenas oferece atendimentos de plantao apos o termino das atividades do programa de saude da familia psf reafirmamos o nosso compromisso com a saude publica do municipio alem dos pares citados estiveram presentes o viceprefeito jose soares topeca vera lucia vereadora leleco pimentel assessor politico do nosso mandato e deputado estadual suplente na almg e paulo roberto paulinho assessor do mandato padre joao no vale do piranga saopedrodosferros saudepublica emendaparlamentar mandatocoletivoeparticipativo padrejoao photos from padre joaos post,2021-08-28T11:46:17Z,2013-07-29T20:24:46Z,95023,100044449208802,125685,Photo,Image,1,37,37,4,4,29,0,0,0,0,0,0,0,0,0,"SãoPedroDosFerros,SaúdePública,EmendaParlamentar,MandatoColetivoEParticipativo,PadreJoão",https://www.facebook.com/179856875529257/posts/1933914370123490,https://www.facebook.com/padrejoao/photos/a.180085915506353/1933912713456989/?type=3,PT,SP,-0.691,-1,0,10,0,1
726850,faustopinato,Fausto Pinato,1539444426430613,vereadores lee jeferson e paulinho do municipio de parapua agradecem a emenda do deputado fausto pinato em apoio a saude do municipio estamos juntos,2021-12-24T09:20:49Z,2017-04-17T13:32:41Z,52257,100044357649817,143890,Native Video,Video,0,32,32,5,2,25,0,0,0,0,0,0,142,152,0,NA,https://www.facebook.com/415124335529300/posts/1539444426430613,https://www.facebook.com/faustopinato/videos/684835372922676/,PP,SP,0.51,1,0,5,0,0
585116,miguellombardi.deputadofederal,Miguel Lombardi,4032635880087109,agora e gino dourado em dourado eu estou apoiando o nosso amigo gino torrezan para prefeito vamos fortalecer o desenvolvimento local e os servicos de saude vamos juntos dourado miguellombardi,2020-10-24T15:02:28Z,2012-07-22T15:43:09Z,22014,100044815449482,117313,Photo,Image,1,48,48,3,0,45,0,0,0,0,0,0,0,0,0,"dourado,miguellombardi",https://www.facebook.com/503151713035561/posts/4032635880087109,https://www.facebook.com/503151713035561/photos/a.894737117210350/4032633290087368/?type=3,PL,SP,0.493,1,0,2,0,0
833105,dep.zarattini,Carlos Zarattini,497511464886728,o deputado federal terraplanista osmar terra presta depoimento na cpidacovid sobre participacao deleno suposto gabinete paralelo que orientava bolsonaro no combate a pandemia o deputado federal terraplanista osmar terra presta depoimento na cpidacovid sobre participacao deleno suposto gabinete paralelo que orientava bolsonaro no combate a pandemia,2021-06-22T12:10:02Z,2012-09-24T20:03:02Z,268536,100044376341357,446689,Live Video Complete,Video,1,1646,1697,941,230,412,59,3,9,4,38,1,10276,13456,0,CPIdaCovid,https://www.facebook.com/405401689514244/posts/497511464886728,https://www.facebook.com/dep.zarattini/videos/497511464886728/,PT,SP,-0.691,-1,0,0,2,2
221256,kimkataguiri,Kim Kataguiri,2847949788589535,httpsmblnewsorgnoticiapresidenteeleitodaargentinadefendeabortoedizquepretendecolocarfimahipocrisia presidente eleito da argentina defende aborto e diz que pretende colocar fim a hipocrisia mundo presidente eleito da argentina defende aborto e diz que pretende colocar fim a hipocrisia quem e contra o aborto uma solucao simples simplesmente nao aborte disse 06112019 14h57 alberto fernandez o presidente recem eleito na argentina afirmou que a questao do aborto,2019-11-06T13:00:01Z,2014-11-03T21:33:04Z,1404260,100044170582843,1741742,Link,Text,0,646,1043,278,140,203,11,14,30,79,288,0,0,0,0,NA,https://www.facebook.com/833053646745836/posts/2847949788589535,https://mblnews.org/noticia/presidente-eleito-da-argentina-defende-aborto-e-diz-que-pretende-colocar-fim-a-hipocrisia/,DEM,SP,0.431,1,0,0,2,0
544361,nataliabonavides,Natália Bonavides,1351347868539716,o brasil viveu neste segundo turno as eleicoes mais sujas de sua historia diante da conivencia das autoridades e da midia hegemonica retrocedendo o pais aos tempos da republica velha o que tinha ocorrido nas eleicoes presidenciais de 2018 com a rede de mentiras atuando de maneira maliciosa e apregoando fake news contra o candidato do pt fernando haddad foi reproduzido em varias capitais e cidades do pais equipe fake news uso da maquina publica e baixarias marcaram segundo turno o que tinha ocorrido nas eleicoes presidenciais de 2018 foi reproduzido em varias capitais e cidades do pais nesta reta final nas disputas municipais os candidatos da oposicao em particular do pt foram alvo de mentiras intrigas e enfrentaram a engrenagem administrativa que funcionou em fa,2020-11-30T06:50:13Z,2016-07-08T00:34:30Z,44945,100044140644058,58667,Link,Text,1,265,318,15,36,211,1,2,2,26,25,0,0,0,0,Equipe,https://www.facebook.com/301106093563904/posts/1351347868539716,https://pt.org.br/fake-news-uso-da-maquina-publica-e-baixarias-marcaram-segundo-turno/,PT,RN,-0.691,-1,0,0,2,5
508881,freixo.marcelo,Marcelo Freixo,4330769366963286,mais sujeira comeca a jorrar do esgoto politico da familia presidencial os bolsonaro nunca foram contra a mamata muito pelo contrario timeline photos,2020-07-03T14:30:05Z,2010-06-25T20:08:25Z,924302,100044137974355,1020512,Photo,Image,0,5184,6405,264,1805,2758,5,349,45,85,1091,3,0,0,0,NA,https://www.facebook.com/128416167198648/posts/4330769366963286,https://www.facebook.com/freixo.marcelo/photos/a.397084743665121/4330769366963286/?type=3,PSB,RJ,-0.427,-1,0,0,2,0
526464,julianlemospb,Julian Lemos,3133678803341985,nesta quartafeira 17 o deputado federal julian lemos psl comemorou o exito da operacao que impediu um assalto a agencia bancaria da cidade de areiapb e que culminou com a morte de seis bandidos segundo o parlamentar a operacao teve sucesso gracas ao forte preparo dos agentes paraibanos considerados os menos letais e um dos mais eficientes do pais para o deputado infelizmente quando as coisas dao certo raramente as pessoas se lembram da importancia da policia e por isso e importante destacar seu papel e seu bons servicos publicamente por isso e importante uma policia bem preparada e armada comentou o parlamentar que viabilizou investimentos milionarios para a seguranca publica do estado da paraiba ao todo foram mais de r 21 milhoes segundo a pmpb os bandidos estavam em uma caminhonete e em uma moto ainda segundo a policia militar os bandidos portavam armas de grosso calibre municoes tanto as armas como os veiculos usados pelo grupo foram apreendidos na acao durante o confronto seis bandidos acabaram mortos por atirarem contra os profissionais que estavam ali para garantir a seguranca da populacao e impedir que o banco fosse assaltado julianlemosdeputadofederaldaparaiba naoeummandatoeumamissao deputadodasegurancapublica ofederaldasegurancapublica avozdaparaiba julianlemosdeputadofederaldaparaiba naoeummandatoeumamissao deputadodasegurancapublica ofederaldasegurancapublica avozdaparaiba paraiba brasil brazil br congressonacional,2020-06-17T15:24:20Z,2015-05-29T13:58:56Z,42636,100050285808083,52017,Native Video,Video,1,122,122,9,40,71,2,0,0,0,0,0,778,1277,0,"JulianLemosDeputadoFederaldaParaiba,NaoeUmMandatoeUmaMissao,DeputadodaSegurancaPublica,OFederaldaSegurancaPublica,AvozdaParaiba,JulianLemosDeputadoFederaldaParaiba,NaoeUmMandatoeUmaMissao,DeputadodaSegurancaPublica,OFederaldaSegurancaPublica,AvozdaParaiba,Paraiba,Brasil,Brazil,Br,CongressoNacional",https://www.facebook.com/922891834420704/posts/3133678803341985,https://www.facebook.com/julianlemospb/videos/186469692780891/,PSL,PB,0.803,1,0,0,4,0
352197,josemedeirosMT,José Medeiros,1360542570808475,eles mesmo assumem seus metodos asquerosos ao apontar seus dedos sujos aos outros lula e culpado e covarde segundo humberto costa e freixo,2020-05-29T20:51:17Z,2015-01-01T16:44:13Z,302336,100044334104403,372144,Photo,Image,0,6450,7202,892,2320,3193,18,18,509,8,235,9,0,0,0,NA,https://www.facebook.com/312680748928001/posts/1360542570808475,https://www.facebook.com/josemedeirosMT/photos/a.312696348926441/1360541234141942/?type=3,PL,MT,0.493,1,0,0,2,0
40394,airtonfaleiropt,Airton Faleiro,1389314641272785,carta do papa francisco a lula o bem vencera o mal a verdade vencera a mentira lulaoficial ancisco por cartasolidariedade a lulao bemvencerao mala verdadevenceraa mentira,2019-05-29T15:13:29Z,2014-05-22T15:08:54Z,10723,100044456468628,10802,Photo,Image,0,41,43,7,1,26,7,0,2,0,0,0,0,0,0,NA,https://www.facebook.com/247815045422756/posts/1389314641272785,https://www.facebook.com/247815045422756/photos/a.249160048621589/1389314584606124/?type=3,PT,PA,-0.691,-1,0,0,2,2
6800,FernandoRodolfoTV,Fernando Rodolfo,765324097175389,nao tenho medo de bandido enquanto eu for deputado federal essa raca nao tera vida facil hoje protocolei o projeto de lei 10022019 para punir com pena de 5 a 8 anos bandido que usar celular dentro de presidio e para quem levar o celular ate ele se quem levar for funcionario publico ai a pena aumenta em 13,2019-02-21T07:38:13Z,2017-08-08T14:11:29Z,35873,100044717011154,50222,Native Video,Video,0,1009,1012,71,265,621,51,1,3,0,0,0,4039,8925,0,NA,https://www.facebook.com/458071071234028/posts/765324097175389,https://www.facebook.com/FernandoRodolfoTV/videos/2231361067127294/,PL,PE,0.493,1,3,0,2,0
958331,luiziannelinsPT,Luizianne Lins,4182379471839875,ao afirmar caguei pra cpi bolsonaro mais uma vez demonstra seu desprezo para com o povo brasileiro e as instituicoes democraticas que falta de respeito cpidogenocidio forabolsonaroassassino voltalula luiziannelins deputada deputadafederal federal luizianne bolsona bolsonaro diz que nao vai responder a cpi sobre caso covaxin caguei 00,2021-07-10T05:47:42Z,2012-06-06T20:42:03Z,109639,100046987186811,125816,Photo,Image,1,370,408,98,45,225,2,0,5,6,27,0,0,0,0,"cpidogenocídio,forabolsonaroassassino,voltalula,luiziannelins",https://www.facebook.com/330300883714439/posts/4182379471839875,https://www.facebook.com/330300883714439/photos/a.2220809667996875/4182379395173216/?type=3,PT,CE,-0.691,-1,0,0,2,0
878336,helder.salomao.1350,Helder Salomão,2148387675301617,sabias palavras do nosso querido padre julio lancellotti os que se calam diante da njustica nao estao respondendo ao amor de deus os que se omitem diante da dor do povo os que desdenham da dor do povo os que dizem simplesmente que os mortos do jacarezinho eram todos bandidos isso nao e responder ao amor de deus padre julio lancellotti os que se calam diante da injustica nao estaorespondendo ao amor de deus os que seomitem diante da dor do povo os quedesdenham da dor do povo os que dizemsimplesmente que os mortos do jacarezinhoeram todos bandidos isso nao e responder aoamor de deuspadre julio lancellotti,2021-05-15T15:51:22Z,2015-04-24T18:24:11Z,46752,100044269127763,57065,Photo,Image,0,891,897,33,225,576,50,1,1,5,0,6,0,0,0,NA,https://www.facebook.com/546851998788534/posts/2148387675301617,https://www.facebook.com/546851998788534/photos/a.548965848577149/2148387611968290/?type=3,PT,ES,-0.691,-1,0,0,2,0
387535,PauloTeixeira13,Paulo Teixeira,3433684430008921,bolsonaro vai responder inquerito por interferencia na pf o ministro do stf celso de mello autorizou ontem a noite a abertura de inquerito para apurar declaracoes do exministro da justica sergio moro ao sair do governo ele acusou o presidente de tentar interferir na policia federal para salvar os filhos de investigacoes timeline photos,2020-04-28T07:23:57Z,2010-07-14T17:59:25Z,169386,100044147678383,284196,Photo,Image,0,374,379,63,56,239,15,1,5,0,0,0,0,0,0,NA,https://www.facebook.com/123368671040530/posts/3433684430008921,https://www.facebook.com/PauloTeixeira13/photos/a.396715610372500/3433684430008921/?type=3,PT,SP,-0.691,-1,0,0,0,2
750708,capitaoaugustooficial,Capitão Augusto,3094888377398363,comunismo no brasil reclusao social presidente sem poder censura nas redes politicos bilionarios patrulhamento social multidao de pobres cidades bloqueadas empresas falidas prisoes ilegais esmolas do estado presos politicos midia mentirosa congresso submisso igrejas fechadas vote na esquerda tudo e isso namen capitao augusto comunismono brasil reclusao social presidente sem poder censura nas redes politicos dilionarios patrulhamento social multidao de pobres cidades bloqueadas empresas falidas prisoes ilegais esmolas do estado presos politicos midia mentirosa congresso submisso igrejas fechadas,2021-12-01T07:27:18Z,2013-09-19T15:06:50Z,383678,100044736120314,558561,Photo,Image,0,496,506,50,171,274,1,0,5,3,2,0,0,0,0,NA,https://www.facebook.com/1378617549025463/posts/3094888377398363,https://www.facebook.com/capitaoaugustooficial/photos/a.1384073031813248/3094888170731717/?type=3,PL,SP,0.493,1,0,0,2,4
182933,depjorgesolla,Jorge Solla,1189610767893318,e preciso cpi para investigar a privatizacao da petrobras o escandalo da venda da tag distribuidora de gas que era da petrobras dias antes do anuncio da descoberta do maior campo de gas do pais desde a descoberta do presal um escandalo que voce nao vai ver nos jornais e preciso cpi para investigar a privatizacao da petrobras,2019-06-17T17:17:23Z,2014-07-05T15:40:51Z,92234,100044357712746,111653,Native Video,Video,0,572,589,34,283,247,6,2,1,4,12,0,2731,4526,0,NA,https://www.facebook.com/800887096597818/posts/1189610767893318,https://www.facebook.com/depjorgesolla/videos/1189610767893318/,PT,BA,-0.691,-1,0,0,0,4
224305,rfalcao13,Rui Falcão,2536895599726564,bomba em materia do jornal o globo o jornalista lauro jardim revela bolsonaro mandou queiroz destruir o celular alem de obstruir as investigacoes sobre o caso marielle franco jair bolsonaro tambem determinou que fabricio queiroz desse um sumico no seu aparelho celular segundo revela neste domingo o colunista lauro jardim leiahttpsbitly2wdi2ephttpswwwbrasil247combrasilbolsonaromandouqueirozdestruirocelular bolsonaro mandou queiroz destruir o celular alem de obstruir as investigacoes sobre o caso marielle franco jair bolsonaro tambem determinou que fabricio queiroz desse um sumico no seu aparelho celular segundo revela neste domingo o colunista lauro jardim,2019-11-03T12:39:43Z,2011-06-16T18:06:25Z,103489,100044535185162,200068,Link,Text,0,706,766,113,282,268,0,43,9,6,45,0,0,0,0,NA,https://www.facebook.com/127139487368866/posts/2536895599726564,https://www.brasil247.com/brasil/bolsonaro-mandou-queiroz-destruir-o-celular,PT,SP,-0.691,-1,1,0,0,3
572100,bolsonaro.enb,Eduardo Bolsonaro,1682609138598370,desmascarando mentiras da imprensa e da esquerda o governo jair bolsonaro atraves do trabalho do ministro ricardo salles e de milhares de profissionais luta muito a favor do meio ambiente compartilhe estas imagens pra mostrar a verdade a amazonia e nossa e seguira assim photos from eduardo bolsonaros post,2020-11-04T19:54:30Z,2014-04-08T13:40:31Z,2566226,100044232679185,2978832,Photo,Image,0,9681,9731,1369,2346,5788,137,13,35,5,10,28,0,0,0,NA,https://www.facebook.com/232788843580414/posts/1682609138598370,https://www.facebook.com/login/?next=https%3A%2F%2Fwww.facebook.com%2Fbolsonaro.enb%2Fphotos%2Fa.990791937780097%2F1682608958598388%2F%3Ftype%3D3,PL,SP,0.493,1,0,0,1,2
528705,gilson.marques.novo,Gilson Marques,2667855016824973,lamento informar mas o fgts nao e um direito tenho insistido muito neste assunto para que as pessoas entendam o que e o fgts muitos acreditam que o fundo de garantia por tempo de servico fgts e um direito lamento informar mas nao e como pode ser um direito se voce so pode sacar o dinheiro quando o estado permite como pode ser um direito se obrigatoriamente precisa ser depositado no banco que o estado determina como pode ser um direito se rende menos que a inflacao como pode ser um direito se o estado utiliza o seu dinheiro para emprestar a outras empresas so e um direito aquilo que voce pode escolher se quer ou nao quer para si ou seja so e um direito aquilo que e possivel recusar o fgts portanto e um onus uma obrigacao um dever por isso defendo que o fgts seja opcional quem acha bom mantem e quem nao acha recebe o valor mensalmente em seu salario ah mas o fgts serve para ajudar as pessoas a comprar a casa propria quem disse e se eu nao quiser comprar uma casa propria e se eu preferir ter esse dinheiro na minha conta todo mes pra eu poder viver de aluguel e se eu quiser usar esse dinheiro pra pagar uma faculdade ou abrir um negocio e assim aumentar a minha renda para entao comprar minha casa propria sem precisar do fgts o estado nao deveria mandar no meu dinheiro nao deveria definir no que eu posso gastar ah mas o empregador e quem paga o fgts mentira e obvio que o fgts entra nos custos do salario quem contrata sabe disso com base nessas ideias tenho dois projetos de lei protocolados na camara dos deputados o primeiro o pl 29462019 da liberdade ao trabalhador para investir o seu dinheiro do fgts onde quiser previdencia privada ou aplicacao financeira no banco da sua preferencia ja que o dinheiro e dele o outro projeto 31482020 flexibiliza a regra de carencia do saqueaniversario do fgts atualmente o trabalhador que optou por esta modalidade em caso de demissao precisa aguardar 25 meses para poder sacar o saldo do seu fgts recebendo apenas a multa rescisoria o que e um absurdo nao faz sentido algum deixar os trabalhadores que perderam o emprego por causa da pandemia ficarem sem renda enquanto possuem dinheiro parado em suas contas do fundo de garantia permitir o saque integral sem carencia e apenas uma liberdade a mais para que o cidadao possa sacar o seu proprio dinheiro e fazer com ele o que quiser neste momento de dificuldades enquanto nao conseguimos tornar o fgts opcional quero que pelo menos o trabalhador tenha mais direitos sobre esta obrigacao httpsgilsonmarquescomlamentoinformarmasofgtsnaoeumdireito novo 30 novo santa catarina,2020-06-15T14:56:44Z,2017-07-12T19:55:48Z,28169,100044339653898,47489,Photo,Image,0,1835,1847,87,179,1474,85,5,5,4,3,5,0,0,0,NA,https://www.facebook.com/1931989763744839/posts/2667855016824973,https://www.facebook.com/gilson.marques.novo/photos/a.1936567906620358/2667854556825019/?type=3,NOVO,SC,0.711,1,3,0,1,2
827999,glauber.braga1,Glauber Braga,2029195290570815,as revelacoes de superfaturamento na compra da vacina covaxin sao gravissimas nao ha a menor condicao que bolsonaro continue governando o pais e hora de pressao para que esse governo genocida e corrupto chegue ao fim e fora bolsonaro e mourao pra ja equipe bolsonarovaicair ricardo barros foi citado por bolsonaro como envolvido no escandalo da covaxin confirma miranda revista forum exministro e lider do governo foi apontado pelo deputado luis miranda como figura central na compra irregular da vacina indiana,2021-06-25T21:23:35Z,2013-02-26T18:56:55Z,312602,100044640360127,396004,Link,Text,1,6476,6579,293,900,5167,74,35,45,8,50,7,0,0,0,"Equipe,BolsonaroVaiCair",https://www.facebook.com/158198544337175/posts/2029195290570815,https://revistaforum.com.br/coronavirus/ricardo-barros-foi-citado-por-bolsonaro-como-envolvido-no-escandalo-da-covaxin-confirma-miranda/,PSOL,RJ,-0.874,-1,0,0,0,2
1012578,capitaoalbertoneto,Capitão Alberto Neto,4191378077656165,vejam o absurdo que esta ocorrendo em manaus este carro com placas falsas vem fazendo este tipo de acao nos postos de gasolina da cidade,2021-09-22T15:00:21Z,2016-05-18T17:37:46Z,828571,100044701801759,1378720,Native Video,Video,0,6779,7863,848,2808,2981,18,119,150,65,869,5,125286,161196,0,NA,https://www.facebook.com/865232070270799/posts/4191378077656165,https://www.facebook.com/capitaoalbertoneto/videos/339321181313342/,PL,AM,0.493,1,0,0,0,2
857701,ZambelliOficial,Carla Zambelli,4209224569168017,urgente espalhem para seus amigos e conhecidos de goiania e regiao esperamos voces urgente goiania,2021-06-01T15:54:43Z,2011-12-25T19:19:47Z,1406979,100043932348669,2599873,Native Video,Video,0,11995,12001,322,1679,9845,120,3,3,1,2,26,65427,66846,0,NA,https://www.facebook.com/198620036895177/posts/4209224569168017,https://www.facebook.com/ZambelliOficial/videos/218954679831408/,PL,SP,0.493,1,0,0,0,2
850352,OtoniDeputadoFederal,Otoni de Paula,2117858385033442,macron o presidente queridinho da imprensa progressista achou que era bolsonaro e levou um tapa na cara macron o presidente queridinho da imprensa progressista achou que era bolsonaro e levou um tapa na cara,2021-06-08T11:24:54Z,2012-07-30T04:43:00Z,534729,100044223829885,1015282,Native Video,Video,0,4731,6608,774,1423,2356,105,69,1872,1,4,4,37015,40506,0,NA,https://www.facebook.com/190411254444841/posts/2117858385033442,https://www.facebook.com/OtoniDeputadoFederal/videos/467100594590046/,MDB,RJ,0.137,1,0,0,0,2
911932,sergiosouzaPR,Sérgio Souza,4421391437919246,hoje na frente parlamentar agropecuaria participamos do seminario sobre energia renovavel e discutimos sobre a importancia do biogas e do biometano para uma matriz energetica renovavel energiarenovavel agro photos from sergio souzas post,2021-08-18T16:33:33Z,2010-10-06T22:14:19Z,29095,100044603311869,52198,Photo,Image,1,21,21,2,1,18,0,0,0,0,0,0,0,0,0,"energiarenovavel,agro",https://www.facebook.com/533495260042236/posts/4421391437919246,https://www.facebook.com/sergiosouzaPR/photos/a.617951541596607/4421390981252625/?type=3,MDB,PR,0.137,1,0,0,0,0
520062,delegado.waldir,Delegado Waldir,2077258599073520,malandro tentou roubar malote em macapaap lutou pela arma e perdeu,2020-06-23T18:42:52Z,2013-04-27T12:24:19Z,761428,100044146373827,896109,Native Video,Video,0,2959,3218,439,614,1689,54,157,217,20,22,6,122482,129069,0,NA,https://www.facebook.com/306388799493851/posts/2077258599073520,NA,PSL,GO,0.803,1,0,0,0,0
887999,professorjoziel,Professor Joziel,325003715648166,excelente reflexao para terminarmos a semana pensem nisso professorreconhecidos naopelo que temos ousomos mas pelodom divino querepresentamosqprofessorjoziel6000,2021-05-07T16:20:05Z,2017-09-28T18:59:54Z,29160,100044156213905,58904,Photo,Image,0,145,145,12,13,119,1,0,0,0,0,0,0,0,0,NA,https://www.facebook.com/100044156213905/posts/325003715648166,https://www.facebook.com/photo.php?fbid=325003698981501&set=a.268363314645540&type=3,PATRIOTA,RJ,0.455,1,0,0,0,0
894462,margaretecoelho.castro,Margarete Coelho,2899570213637508,nosso mandato vai onde o povo esta estive hoje com a prefeita de alagoinha kelly alencar e seu vice adeval borges toda a nossa torcida para que ela faca um belo mandato valorizando o jeito feminino de administrar estiveram por la tambem o prefeito de agricolandia italo alencar o exprefeito walter alencar e o secretario de administracao de lagoinha vander conversamos sobre os investimentos que precisam ser feitos na regiao que oferece muitas possibilidades de desenvolvimento mas precisa de um olhar atento e recursos federais uma acolhida agradavel de boa conversa e de bons projetos seguimos trabalhando pelo piaui agricolandia lagoinha deputadamargarete trabalhopelopiaui photos from margarete coelhos post,2021-05-02T19:48:46Z,2012-08-17T13:50:34Z,17889,100046982322632,22194,Photo,Image,1,61,61,1,1,58,1,0,0,0,0,0,0,0,0,"Agricolandia,Lagoinha,deputadamargarete,trabalhopelopiaui",https://www.facebook.com/1389530231308188/posts/2899570213637508,https://www.facebook.com/margaretecoelho.castro/photos/a.1922665417994664/2899570083637521/?type=3,PP,PI,0.51,1,1,4,0,0
155290,geninhozuliani,Geninho Zuliani,10219670669907344,visitamos na manha desta quintafeira o hospital mater em ribeirao preto sp onde anunciamos repasse federal no valor de r300 mil por meio de emenda parlamentar de minha autoria a verba sera utilizada para a compra de cinco aparelhos dois ventiladores pulmonar eletronico micro processado um medidor de ictericia digital um aparelho de anestesia um refrigerador horizontal ci 3d e um monitor de alta resolucao para diagnostico equipamentos que vao melhorar o atendimento e tratamento dos pacientes a indicacao foi uma sugestao do vereador fabiano guimaraes dem de ribeirao nos acompanharam o gerente de apoio tecnico do mater ivan daniel terra a enfermeirachefe ana paula pereira e o coordenador do hospital regional de serrana eduardo santos fonte photos from eugenio jose zulianis post,2019-07-18T18:42:43Z,NA,8856,1534921329,NA,Photo,Image,0,173,173,12,6,148,6,1,0,0,0,0,0,0,0,NA,https://www.facebook.com/geninhozuliani/posts/10219670669907344,https://www.facebook.com/photo.php?fbid=10219670668347305&set=p.10219670668347305&type=3,DEM,SP,0.431,1,0,6,0,0
926840,RobertoAlvesRepublicanos,Roberto Alves Republicanos,4208764359200321,nesta manha recebi em meu escritorio politico em campinas o diretor de convenios da prefeitura de campinas flavio emilio rabeti o vicepresidente do banco atual jurandir juliani junior o douglas martini que veio representando tambem o banco atual e a empresaria e arquiteta sibelly quinalha neste encontro foram apresentados projetos habitacionais para o estado de sao paulo agradeco a visita e seguimos juntos para levar qualidade de vida para a nossa populacao lembrando que o nosso espaco segue os cuidados e protocolos de prevencao a covid19 robertoalvescomvoce sp saopaulo projetos infraestrutura cidadania,2021-08-06T12:20:09Z,2015-03-31T19:35:28Z,12807,100047151369911,103804,Photo,Image,1,35,35,2,2,31,0,0,0,0,0,0,0,0,0,"robertoalvescomvocê,sp,saopaulo,projetos,infraestrutura,cidadania",https://www.facebook.com/798681053542019/posts/4208764359200321,https://www.facebook.com/RobertoAlvesRepublicanos/photos/a.1343171089093010/4208764295866994/?type=3,REPUBLICANOS,SP,0.55,1,3,2,0,0
302737,mottadoscomerciarios,Motta,1309897239210540,foi movimentado o inicio das atividades em brasilia ontem com a realizacao de dezenas de reunioes em meu gabinete com prefeitos e vereadores na intencao de dar os devidos encaminhamentos para atender as demandas dos municipios paulistas agradeco a visita de todos photos from mottas post,2020-02-05T14:45:30Z,2014-01-06T17:01:58Z,4669,100050180393030,102362,Photo,Image,0,124,124,11,10,101,2,0,0,0,0,0,0,0,0,NA,https://www.facebook.com/196025943931014/posts/1309897239210540,https://www.facebook.com/mottadoscomerciarios/photos/a.196067913926817/1309896439210620/?type=3,PL,SP,0.493,1,0,3,0,0
774778,OsiresDamaso,Osires Damaso,1364333613939882,deixo registrado o meu carinho pelo municipio de guarai que esta em festa hoje pelos seus 51 anos e um orgulho ser parceiro na busca da melhoria da qualidade de vida do povo dessa cidade linda tive a oportunidade de destinar recursos para o municipio e compartilho com voces 2020 r 200 mil acoes de enfrentamento a covid19 pago 2020 r 300 mil custeio da saude para hospital covid19 pago 2020 r 200 mil construcao de academia ao ar livre pago 2021 r 700 mil construcao de ponte sobre o rio tranqueira indicado 2021 r 300 mil custeio da saude indicado parabens guarai estamos juntos feliz aniversario guarai osires damaso,2021-04-11T04:33:33Z,2016-10-31T17:52:53Z,13462,100044748621142,16492,Photo,Image,0,58,58,4,3,50,1,0,0,0,0,0,0,0,0,NA,https://www.facebook.com/323794244660496/posts/1364333613939882,https://www.facebook.com/DeputadoOsiresDamaso/photos/a.323873697985884/1364333597273217/?type=3,PSC,TO,0.596,1,0,6,0,0
654058,AleSilvaOficial,Alê Silva,1590597164466719,por causa de video o ministro enquadrou o deputado numa lei de 1973 mas a mesa diretora da camara ja esta tomando todas as medidas e a imunidade do parlamentar ha de ser respeitada,2021-02-16T21:46:32Z,2016-10-05T22:33:14Z,87920,100044612191415,179490,Photo,Image,0,9530,11267,2341,2631,4337,31,141,38,138,1561,49,0,0,0,NA,https://www.facebook.com/549608648565581/posts/1590597164466719,https://www.facebook.com/AleSilvaOficial/photos/a.553555981504181/1590596981133404/?type=3,REPUBLICANOS,MG,0.55,1,2,0,0,0
867666,biakicisoficial,Bia Kicis,1988345727998646,segundo o advogado ariel de castro alves especialista em direitos da crianca e do adolescente os projetos seguem a mesma tendencia do movimento escola sem partido ou da defesa do homeschooling que buscam manter as criancas distantes do que possa contrariar as crencas e os valores da familia na qual esta inserida folha de spaulo ilustrada artes plasticas blakicis cinema livros moda musica escuta aqui pls contra sexualizacao infantil dao margem a censura dizem especialistas apos evento lgbt cancelado deputadas protocolam textos que vetam verba publica para quem promova sexualizacao infantil f 21mai 2021 as 20h18 secretario nacional de incentivo e fomento a cultura andre porciuncula andreporci nao voce nao leu errado folha acaba de dizer que leis contra pedofilia podem dar margem censura,2021-05-24T17:06:29Z,2015-11-02T20:26:13Z,783017,100044220769786,1118559,Photo,Image,0,18315,23646,1274,7097,9049,5,883,112,256,4963,7,0,0,0,NA,https://www.facebook.com/522420381257862/posts/1988345727998646,https://www.facebook.com/biakicisoficial/photos/a.530817357084831/1988345677998651/?type=3,PL,DF,0.493,1,2,2,0,0
147179,glaustindafokus,Glaustin da Fokus,364944564171158,comecei o dia fazendo um balanco do nosso primeiro semestre de mandato na radiosucessofm com o messiasdagente jonesfmatos e a ravena conversei sobre os r 15 milhoes em recursos enviados para 57 municipios goianos e tambem sobre a reforma tributaria que ira desonerar impostos e gerar mais empregos para o nosso povo alem disso estou trabalhando muito para ajudar a criar novos postos de trabalho para goias goias deputadofederal glaustinfokus camaradosdeputados radiosucesso reformatributaria radio sucesso 983 photos from glaustin da fokuss post,2019-07-30T07:25:24Z,2018-04-25T21:08:51Z,9454,100044605124755,22089,Photo,Image,1,131,131,20,8,103,0,0,0,0,0,0,0,0,0,"goias,deputadofederal,glaustinfokus,camaradosdeputados,radiosucesso,reformatributaria",https://www.facebook.com/166001994065417/posts/364944564171158,https://www.facebook.com/glaustindafokus/photos/a.240760309922918/364944374171177/?type=3,PSC,GO,0.596,1,1,2,0,0
907542,gleisi.hoffmann,Gleisi Hoffmann,2038514769659099,crise e desconfianca com bolsonaro fazem estrangeiras abandonar o brasil quatro troller anuncia fim de sua producao a partir de setembro paguing g1 ford encerra a producao de veiculos no brasi exame panasonic encerra fabricacao de tvs no brasil cnn brasil desistir de celulares lg encerra producao de monitores e notebooks em sp sony encerra atividades no brasil infomoney cameras tvs e equipamentos de audio deixam de ser vendidos todos esses estao fechados com bolsonaro troller anuncia fim de suaproducao a partir de setembro1ford encerra a producaode veiculos no brasilpanasonic encerrafabricacao de tvs no brasilapos desistir de celulares lgencerraproducao de monitores e notebooks em spsony encerra atividades no brasilcameras tvs e equipamentos de audiodeixam de ser vendidosds eee,2021-08-22T19:34:43Z,2013-03-14T01:21:18Z,1373634,100044360472979,1584710,Photo,Image,0,6103,6898,691,2467,2881,11,45,86,628,81,8,0,0,0,NA,https://www.facebook.com/136344939876101/posts/2038514769659099,https://www.facebook.com/gleisi.hoffmann/photos/a.138762686300993/2038514649659111/?type=3,PT,PR,-0.691,-1,0,3,0,0
422377,sostenescavalcante,Sóstenes Cavalcante,1233327626863498,que exemplo da sra bernarda que aos 87 anos se doa pelo proximo em meio a uma crise como a que estamos enfrentando o brasileiro e gigante e tenho certeza que tiraremos de tudo que estamos passando o melhor,2020-03-25T14:12:16Z,2013-11-05T15:51:53Z,122283,100044635080183,156025,Photo,Image,0,74,74,4,8,53,9,0,0,0,0,0,0,0,0,NA,https://www.facebook.com/175865939276344/posts/1233327626863498,https://www.facebook.com/sostenescavalcante/photos/a.178760402320231/1233327400196854/?type=3,PL,RJ,0.493,1,0,0,0,0
950459,gleisi.hoffmann,Gleisi Hoffmann,2003710923139484,mais um indicio de corrupcao no governo pazuello foi flagrado comemorando negociacao da vacina coronavac 3 vezes mais cara a vacina negociada pelo general com a intermediaria world brands sairia a 28 dolares a dose enquanto a do butantan sairia a 10 dolares quem iria embolsar essa diferenca de 18 dolares pazuello saiba mais httpsbitly3wfda4dhttpswww1folhauolcombrpoder202107foradaagendapazuellonegocioucoronavaccomintermediariaepelotriplodoprecovejavideoshtml,2021-07-16T14:19:12Z,2013-03-14T01:21:18Z,1364655,100044360472979,1575526,Photo,Image,0,3620,4020,301,1264,2004,2,48,34,22,344,1,0,0,0,NA,https://www.facebook.com/136344939876101/posts/2003710923139484,https://www.facebook.com/gleisi.hoffmann/photos/a.138762686300993/2003709823139594/?type=3,PT,PR,-0.691,-1,0,0,0,1
875292,helder.salomao.1350,Helder Salomão,2151220471685004,helder salomao heldersalomao a senadora katia abreu dizendo que ernesto araujo tem duas personalidades uma nas redes sociais outra na cpi o nome disso e covardia 1346 18 mai 21 twitter for android jh helder salomao a dheldersalomaoa senadora katia abreudizendo que ernesto araujotem duas personalidadesuma nas redes sociais outrana cpio nome disso e covardia1346 18 mai 21 twitter for android,2021-05-18T12:31:39Z,2015-04-24T18:24:11Z,46806,100044269127763,57114,Photo,Image,0,752,764,23,293,425,9,2,8,2,2,0,0,0,0,NA,https://www.facebook.com/546851998788534/posts/2151220471685004,https://www.facebook.com/546851998788534/photos/a.548965848577149/2151220421685009/?type=3,PT,ES,-0.691,-1,0,0,0,0
303439,viniciuscarvalhooficial,Vinicius Carvalho,2713919658715846,olha esse encontro aqui no gabinete de brasilia recebemos o prefeito de duartina o juninho que trouxe aquele abraco dos amigos do municipio e tambem nos apresentou as demandas prioritarias da cidade,2020-02-05T06:22:14Z,2010-04-02T02:20:56Z,51958,100044470238163,148933,Photo,Image,0,118,118,15,9,92,2,0,0,0,0,0,0,0,0,NA,https://www.facebook.com/462223517218816/posts/2713919658715846,https://www.facebook.com/462223517218816/photos/a.480505585390609/2713919178715894/?type=3,REPUBLICANOS,SP,0.55,1,0,2,0,0
1039680,flaviamorais1212,Flávia Morais,3949171641852735,bom dia meus amigos e minhas amigas hoje estou participando do saude em movimento e levando atendimento medico com o dr george morais para as familias de padre bernardo o programa esta um sucesso varias pessoas tem procurado nossa clinica movel para realizar exames de ultrassonografia e receber orientacoes de saude agradeco especialmente todos da cidade que nos receberam e estao participando das atividades de hoje abraco gente photos from flavia moraiss post,2021-11-27T07:10:14Z,2014-08-29T20:22:32Z,64932,100044140404212,80164,Photo,Image,0,533,533,92,16,415,9,0,0,0,0,1,0,0,0,NA,https://www.facebook.com/518889098214357/posts/3949171641852735,https://www.facebook.com/flaviamorais1212/photos/a.518908491545751/3949169768519589/?type=3,PDT,GO,-0.356,-1,0,1,0,0
253939,herciliocoelhodinizoficial,Hercílio Coelho Diniz,2458179447629059,seguimos com os trabalhos dessa vez em reuniao no palacio do planalto com a secretaria especial de assuntos federativos deborah virginia e o prefeito de valadares andre merlo para tratar da liberacao de recursos dos convenios anteriormente firmados pelo governo federal com o municipio de governador valadares hcd hcdetrabalho palacio do planalto photos from hercilio coelho dinizs post,2019-10-02T18:32:30Z,2018-03-10T13:05:19Z,29691,100044312715844,62297,Photo,Image,1,33,33,4,1,28,0,0,0,0,0,0,0,0,0,"HCD,HCDÉTrabalho",https://www.facebook.com/1617603285020017/posts/2458179447629059,https://www.facebook.com/herciliocoelhodinizoficial/photos/a.1655433757903636/2458179334295737/?type=3,MDB,MG,0.137,1,0,4,0,0
907039,deputadomarcon,Deputado Marcon,1865102970327382,primavera da democracia hoje aconteceu o lancamento da campanha primavera da democracia o plebiscito popular gaucho contra a entrega do nosso patrimonio o governador eduardo leite quer entregar nosso patrimonio de mao beijada acabando com a construcao de varias geracoes nao a entrega do nosso patrimonio photos from deputado marcons post,2021-08-23T11:21:58Z,2014-05-09T19:12:25Z,59645,100044605141745,83466,Photo,Image,0,85,86,1,18,66,0,0,0,0,1,0,0,0,0,NA,https://www.facebook.com/273904116113950/posts/1865102970327382,https://www.facebook.com/deputadomarcon/photos/a.1060344580803229/1865102753660737/?type=3,PT,RS,-0.691,-1,0,0,0,0
584154,davidmirandario12,David Miranda,4122189507796476,o povo passando fome e esse e o tratamento que o presidente da ao povo criminoso que desrespeito com tantos brasileiros vai comprar na venezuela diz bolsonaro a homem que pediu reducao no preco do arroz politica estadao presidente visitava a feira permanente de cruzeiro no distrito federal quando foi questionado por um cidadao pela alta do alimento,2020-10-25T15:16:13Z,2009-12-22T18:08:42Z,422487,100044227669786,474135,Link,Text,0,7581,13699,1049,3449,2958,15,103,101,1004,5013,7,0,0,0,NA,https://www.facebook.com/1101124169903040/posts/4122189507796476,"https://politica.estadao.com.br/noticias/geral,vai-comprar-na-venezuela-diz-bolsonaro-a-homem-que-pediu-reducao-no-preco-do-arroz,70003488522?utm_source=facebook%3Anewsfeed&utm_medium=social-organic&utm_campaign=redes-sociais%3A102020%3Ae&utm_content=%3A%3A%3A&utm_term&fbclid=IwAR2OqKxSbZWtsMBAEnwwghQf7aFMtaZeSk3adVHqmsjo9DStVhuu2-Sqw3g",PDT,RJ,-0.356,-1,0,0,0,0
83506,padrejoao,Padre João,1203784099803191,subimos na tribuna da camara dos deputados na tarde de hoje quartafeira dia 1004 para repudiarmos os atos do governo bolsonaro nestes 100 dias de desgoverno para nao dizer que nada esta sendo feito bolsonaro e seus ministros so vem apresentando medidas que pioram a vida dos brasileiros o governo e um desastre seja na politica economica na politica internacional ou mesmo com relacao ao agronegocio o que piora as relacoes do brasil com os demais paises mandatocoletivoeparticipativo padrejoao brasilia 100 dias de desgoverno,2019-04-10T15:58:51Z,2013-07-29T20:24:46Z,82846,100044449208802,113854,Native Video,Video,1,234,235,70,81,81,2,0,1,0,0,0,690,1159,0,"MandatoColetivoEParticipativo,PadreJoão,Brasília",https://www.facebook.com/179856875529257/posts/1203784099803191,https://www.facebook.com/padrejoao/videos/2148741258508174/,PT,SP,-0.691,-1,1,0,0,0
851054,renataabreu1919,Renata Abreu,2979887122230013,violencia contra a mulher bater em mulher continua sendo um dos crimes mais praticados no pais oito mulheres apanham por minuto no pais segundo dados divulgados pelo forum brasileiro de seguranca publica levantamento mostra que 17 milhoes de mulheres sofreram agressoes fisicas em 2020 mesmo indice registrado em 2019 mas desta vez com um diferencial as agressoes na rua diminuiram enquanto que a violencia domestica aumentou no ano passado e como estamos em pandemia com agressor e vitima convivendo mais tempo dentro de casa apenas 12 prestaram queixa nas delegacias especializadas e apenas 7 acionaram a pm o silencio e a pior das atitudes e importante que a vitima ou os parentes denunciem o agressor porque violencia domestica comeca com ofensas no dia a dia e evolui para espancamentos ou ate feminicidio temos varios canais de ajuda a vitima como o disque 100 ligue 180 e pelo 61 996565008 no whatsapp naosilencie denuncie uma em cada quatro mulheres foi vitima de algum tipo de violencia na pandemia no brasil aponta pesquisa levantamento do datafolha encomendado pelo forum brasileiro de seguranca publica indicou que caiu violencia na rua e aumentaram agressoes dentro de casa o vizinho que em 2019 ficou em 2 lugar como autor das agressoes 21 neste ano sumiu das respostas em seu lugar apareceram pai mae,2021-06-07T18:18:33Z,2013-11-27T17:35:04Z,178753,100044507253379,269717,Link,Text,1,353,376,29,43,276,3,0,1,20,2,2,0,0,0,"NaoSilencie,Denuncie",https://www.facebook.com/1433929133492494/posts/2979887122230013,https://g1.globo.com/sp/sao-paulo/noticia/2021/06/07/1-em-cada-4-mulheres-foi-vitima-de-algum-tipo-de-violencia-na-pandemia-no-brasil-diz-datafolha.ghtml?utm_source=push&utm_medium=app&utm_campaign=pushg1,PODE,SP,0.386,1,0,0,0,0
944203,GutembergReisOficial,Gutemberg Reis,1362162657532255,encontro nesta tarde de quinta 22 com meu grande amigo marcos marins um jovem lider da cidade de friburgo na regiao serrana do rio conversamos muito sobre as necessidades da cidade e a idealizacao de projetos na area de esporte e tecnologia,2021-07-22T16:48:48Z,2016-11-23T18:51:02Z,22360,100044187981620,55074,Photo,Image,0,125,125,3,8,109,5,0,0,0,0,0,0,0,0,NA,https://www.facebook.com/252586015156597/posts/1362162657532255,https://www.facebook.com/GutembergReisOficial/photos/a.538020726613123/1362162617532259/?type=3,MDB,RS,0.137,1,1,1,0,0
206597,eduardobismarckce,Eduardo Bismarck,1633107916832415,edunamidia carnaval de aracati na midia deputado eduardo bismarck cria projeto que reconhece o carnaval de aracati como patrimonio cultural nacional o intrigante investimento e cultura,2019-11-21T14:49:54Z,2014-01-29T01:05:16Z,9891,100044469111253,20885,Link,Text,1,123,123,20,7,90,6,0,0,0,0,0,0,0,0,EduNaMidia,https://www.facebook.com/356774021132484/posts/1633107916832415,https://www.ointrigante.com.br/noticias/municipios/deputado-eduardo-bismarck-cria-projeto-que-reconhece-o-carnaval-de-aracati-como-patrimonio-cultural-nacional,PDT,CE,-0.356,-1,1,0,0,1
474411,dep.lucena,Roberto de Lucena,4071686676234883,amanha temos um encontro muito especial com o amigo daniel souza um jovem lider da comunidade de jabaquara que idealizou um belissimo trabalho que e uma biblioteca comunitaria nos vamos falar sobre politica participacao popular e transparencia conto com voces timeline photos,2020-08-05T18:27:26Z,2011-12-13T10:32:00Z,116819,100044387740891,220533,Photo,Image,0,60,60,0,6,49,5,0,0,0,0,0,0,0,0,NA,https://www.facebook.com/234504343286488/posts/4071686676234883,https://www.facebook.com/dep.lucena/photos/a.235329423203980/4071686676234883/?type=3,REPUBLICANOS,SP,0.55,1,0,0,0,0
666564,antoniobritobahia,Antonio Brito,2003257803157867,tive a satisfacao de receber hoje na lideranca do psdcamara o deputado federal presidente do republicanos e professor de direito marcos pereira que me entregou em maos o livro de sua autoria intitulado o uso da informacao como noticia do crime ambiental para presentear meu filho ali brito obrigado meu amigo pelo carinho e por proporcionar esta leitura ao meu filho que tera seus conhecimentos ampliados sobre esta importante tematica,2021-02-03T14:05:21Z,2012-07-21T12:55:49Z,13673,100047172879860,13812,Photo,Image,0,93,93,9,3,79,2,0,0,0,0,0,0,0,0,NA,https://www.facebook.com/350534811763516/posts/2003257803157867,https://www.facebook.com/antoniobritobahia/photos/a.361692940647703/2003257763157871/?type=3,PSD,BA,0.296,1,0,1,0,0
145248,deputadarosangelagomes,Rosangela Gomes,2592295804116486,saiunamidia mais uma noticia da nossa luta pelo hospital da posse saiu na midia confere ai sana berenice seara extra extraministerio da saude aumenta o repassede verbas para o hospital da posseo diario oficial da uniao de tercafeira 30 trouxe uma boa noticia para a baixada fluminenseforam liberados rs 265 milhoes para o hospital geral de nova iguacu conhecido comohospital da posse em nova iguacuo valor corresponde a mais de rs 21 milhoes por mes fazendo com que o repasse mensal aunidade municipal ultrapasse os r 15 milhoeso aumento velo depois de uma reuniao entre o ministro da saude luiz henrique mandetta oprefeito de nova iguacu rogerio lisboa pl o secretario de saude de nova iguacu manoelbarreto e o diretor geral do hospital da posse joe sestello articulada pela deputada federalrosangela gomes prb,2019-08-01T10:55:49Z,2014-07-04T15:31:05Z,52898,100045135992298,87103,Photo,Image,1,127,127,19,22,76,8,2,0,0,0,0,0,0,0,Saiunamidia,https://www.facebook.com/824390270907057/posts/2592295804116486,https://www.facebook.com/deputadarosangelagomes/photos/a.824410940904990/2592295677449832/?type=3,REPUBLICANOS,RJ,0.55,1,0,4,0,1
199736,AfonsoMottaOpina,Afonso Motta,2653270078086469,em arroio do tigre nos distritos de morro da lentillha e linha da rocinha estivemos com o prefeito marciano rovanello e o vereador chico bernardy entregando uma patrulha agricola classificador de sementes plaina grade aradura carreta e silo objeto de emenda parlamentar que vai beneficiar as comunidades de grande vocacao agricola na ocasiao estiveram presentes secretarios vereadores e comunidade photos from afonso mottas post,2019-11-28T17:03:42Z,2014-02-07T19:46:58Z,27546,100044287816556,51002,Photo,Image,0,21,21,1,2,17,1,0,0,0,0,0,0,0,0,NA,https://www.facebook.com/621644487915715/posts/2653270078086469,https://www.facebook.com/AfonsoMottaOpina/photos/a.689143024499194/2653269398086537/?type=3,PDT,RS,-0.356,-1,0,5,0,0
743981,depaguinaldoribeiro,Aguinaldo Ribeiro,2911197679100965,entre os grandes investimentos que fizemos em bom jesus a pavimentacao do municipio merece destaque foram quase 1 milhao de reais destinados as obras sem contar a recuperacao de estradas vicinais e passagem molhada facilitando o transporte na regiao demos bastante atencao as unidades de saude de bom jesus enviando recursos de manutencao aquisicao de equipamentos novos ambulancias e ate um gabinete odontologico pronto para atender quem mais precisa tambem agimos para fortalecer a agricultura local com a compra de maquinas e equipamentos realizando a perfuracao e instalacao de pocos para o abastecimento de agua trabalhopravaler aguinaldoribeiro bomjesus paraiba bom jesus atuamos no municipio investindo na qualidade de vida de seus moradores saude pavimentacao t agronegocio abastecimento hidrico aguinaldo ribeiro photos from aguinaldo ribeiros post,2021-12-07T11:36:26Z,2017-11-13T20:08:49Z,5348,100044760621927,10926,Photo,Image,1,24,24,1,2,20,1,0,0,0,0,0,0,0,0,"trabalhopravaler,aguinaldoribeiro,bomjesus,paraiba",https://www.facebook.com/1856690847884992/posts/2911197679100965,https://www.facebook.com/depaguinaldoribeiro/photos/a.1872931616260915/2911197169101016/?type=3,PP,PB,0.51,1,0,10,0,1
703118,camilocapiberibe,Camilo Capiberibe,3457741531000749,pnpsa servicosambientais aprovamos ha pouco na camara dos deputados o projeto que cria a politica nacional de pagamento por servicos ambientais pnpsa e uma proposta da qual participo intensamente desde o ano passado promovendo dialogos produtivos do parlamento governo e sociedade civil para construir um relatorio abrangente e agregador aprovado pelos deputados em setembro do ano passado a materia foi ao senado e acolhemos agora as modificacoes a politica foi construida para remunerar produtores rurais indigenas quilombolas comunidades tradicionais e agricultores pelo servico de preservacao ambiental que prestam ao pais e ao mundo havera um programa federal de pagamento por esses servicos pfpsa a prioridade sera para o pagamento de servicos ambientais providos por comunidades tradicionais povos indigenas e agricultores familiares reservas particulares tambem poderao ser remuneradas esse programa tera foco nas acoes de manutencao recuperacao ou melhoria da cobertura vegetal em areas consideradas prioritarias para a conservacao nas acoes de combate a fragmentacao de habitats e para a formacao de corredores de biodiversidade e conservacao dos recursos hidricos agora o projeto vai para a sancao presidencial tem mais informacoes no link httpswwwcamaralegbrnoticias718155camaraaprovacriacaodapoliticanacionaldepagamentoporservicosambientais,2020-12-21T15:55:21Z,2012-02-15T12:10:24Z,34548,100044999370122,38266,Photo,Image,1,66,66,2,5,49,10,0,0,0,0,0,0,0,0,"PNPSA,ServiçosAmbientais",https://www.facebook.com/191400270968241/posts/3457741531000749,https://www.facebook.com/login/?next=https%3A%2F%2Fwww.facebook.com%2Fcamilocapiberibe%2Fphotos%2Fa.1179597632148495%2F3457740587667510%2F%3Ftype%3D3,PSB,AM,-0.427,-1,4,1,0,0
883318,DeputadoToninho,Deputado Toninho Wandscheer,4032872413446509,no dia da enfermagem nossa homenagem a esses profissionais que atuam na linha de frente no combate ao coronavirus e tem dedicado suas vidas em tempos de pandemia trabalhadores e verdadeiros herois nosso respeito e admiracao diadaenfermagem nosso apoio a categoria continua sim pela aprovacao do pl2564 que cria o piso salarial da enfermagem mais valorizacao e reconhecimentodefender a enfermagem e defender a saude do nosso pais aprovasenado pl2564 enfermagem aprovapl2564,2021-05-12T07:27:29Z,2012-03-14T14:11:21Z,20158,100044408388434,43185,Photo,Image,1,72,72,4,16,47,4,0,0,0,0,1,0,0,0,"diadaenfermagem,PL2564,AprovaSenado,PL2564,Enfermagem,AprovaPL2564",https://www.facebook.com/301814029885718/posts/4032872413446509,https://www.facebook.com/DeputadoToninho/photos/a.699235433476907/4032872343446516/?type=3,PP,PR,0.51,1,1,1,0,0
832219,glaustindafokus,Glaustin da Fokus,772883953377215,ja compartilhei aqui e repito o momento que as nossas forcas policiais enfrentam exige de nos sociedade apoio respeito e empatia a missao nao e facil e eles estao trabalhando ha quase 15 dias ininterruptamente em circunstancias adversas e sob muita pressao todo o estado esta mobilizado em garantir condicoes adequadas e isso pode sim ser por meio de parcerias nesta tercafeira o governador ronaldocaiado me pediu que uma nova remessa de mantimentos fosse enviada a base de comando da forcatarefa para capturar lazaro imediatamente um caminhao do grupofokusoficial seguiu viagem para o distrito de girassol com mais de 13 tonelada de alimentos toda e qualquer acao agora deve ser no sentido de apoialos e fortalecer essa missao reitero a minha confianca no trabalho da policia goiana e no esforco empreendido nessa operacao sigo a disposicao para somar com o que for preciso e em oracao para que deus cuide da vida dos nossos policiais e os guie durante essa ardua jornada lazaro lazarobarbosa policia pmgo goias cocalzinhodegoias policiamilitargo graerpmgo pmgoias190 policiamilitarcocalzinho policiacivilgo rodneymiranda,2021-06-23T06:52:01Z,2018-04-25T21:08:51Z,11514,100044605124755,23994,Native Video,Video,1,32,32,6,4,21,1,0,0,0,0,0,158,190,0,"lazaro,lazarobarbosa,policia,pmgo,goias,cocalzinhodegoias",https://www.facebook.com/166001994065417/posts/772883953377215,https://www.facebook.com/glaustindafokus/videos/2843277019256346/,PSC,GO,0.596,1,0,2,0,0
695905,depchinaglia,Arlindo Chinaglia,2776190505964192,pessoas que nao seguem regras de distanciamento social ou nao usam mascaras tem sangue nas maos criticou um medico intensivista no reino unido covid19 quem ignora regras de isolamento tem sangue nas maos diz medico intensivista britanico bbc news brasil hugh montgomery atribui o aumento de casos e mortes ao comportamento das pessoas e nao a nova variante do virus,2021-01-01T07:49:31Z,2013-12-23T04:47:16Z,48376,100047301213006,165543,Link,Text,0,660,737,73,180,400,6,1,3,74,0,0,0,0,0,NA,https://www.facebook.com/1390272641222659/posts/2776190505964192,https://www.bbc.com/portuguese/geral-55497830,PT,SP,-0.691,-1,0,0,0,0
887527,faustopinato,Fausto Pinato,1382778905430500,acompanhe ao vivo entrevista ao mar aberto fm mar aberto fm seligaientrevista deputado federal fausto pinato pp sp presidente da frente parlamentar brasil china8521,2021-05-08T08:22:39Z,2017-04-17T13:32:41Z,32727,100044357649817,125463,Live Video Complete,Video,0,15,17,3,2,10,0,0,0,0,2,0,132,286,0,NA,https://www.facebook.com/415124335529300/posts/1382778905430500,https://www.facebook.com/marabertofm/videos/466393021134819/,PP,SP,0.51,1,0,0,0,0
733878,filipebarrosoficial,Filipe Barros,1655859218130040,ja as coligacoes poderao ser articuladas apenas para as eleicoes majoritarias ou seja para apoiarem candidaturas a presidencia da republica aos governos estaduais e ao senado federal essa sera a primeira vez das eleicoes gerais com a nova regra federacao partidaria eleicoes tse aprova a federacao partidaria para o pleito de 2022 como parte das regras aprovadas esta a possibilidade de que dois ou mais partidos se unam para formar a chamada federacao partidaria de acordo com o que esta previsto na ultima reforma eleitoral a uniao para atuar como uma so agremiacao politica nas eleicoes e na legislatura devera permanece assim por um periodo minimo de 4 anos sigame nas redes f filipe barros deputado federal,2021-12-16T12:34:38Z,2016-06-14T15:05:37Z,704270,100044439399475,1252138,Photo,Image,0,6478,6687,795,801,4835,1,41,52,4,153,5,0,0,0,NA,https://www.facebook.com/239800806402562/posts/1655859218130040,https://www.facebook.com/239800806402562/photos/a.703770410005597/1655859181463377/?type=3,PL,PR,0.493,1,2,0,0,0
822293,DeputadoVitorHugo,Major Vitor Hugo,1494682884257192,autor eu do pl 159519 que trata das acoes contraterroristas presidente da comissao especial evairdemelo e relator deputadosanderson preservar vidas humanas garantir a capacidade de o estado tomar decisoes e proteger o patrimonio publico e privado quem pode ser contra,2021-06-30T18:23:56Z,2018-01-11T14:29:22Z,32165,100043921729661,56133,Photo,Image,0,363,366,7,12,336,6,1,3,0,0,1,0,0,0,NA,https://www.facebook.com/577255795999910/posts/1494682884257192,https://www.facebook.com/MajorVitorHugo/photos/a.679597149099107/1494682847590529/?type=3,PL,GO,0.493,1,1,0,0,0
863249,ZambelliOficial,Carla Zambelli,205331724751123,acompanhe os assuntos da semana com o nosso presidente jair messias bolsonaro live do presiente,2021-05-27T17:01:03Z,2011-12-25T19:19:47Z,1406033,100043932348669,2597132,Live Video Complete,Video,0,52579,52732,15580,6434,25610,4724,33,74,19,60,198,176217,194333,0,NA,https://www.facebook.com/198620036895177/posts/205331724751123,https://www.facebook.com/ZambelliOficial/videos/205331724751123/,PL,SP,0.493,1,0,0,0,0
1003518,pimenta13br,Paulo Pimenta,4683814901711429,valeu a pena votar no miliciano sem comida moradores do rio recorrem a restos de ossos e carne rejeitados por supermercados globo sem cond orador sd recorrem a restos de ossos e carnerejeitados por supermercadosoglobo,2021-09-30T07:46:53Z,2012-03-21T18:41:43Z,430707,100044531285555,558995,Photo,Image,0,1218,1470,311,423,476,0,8,6,208,38,0,0,0,0,NA,https://www.facebook.com/254476531311977/posts/4683814901711429,https://www.facebook.com/deputadofederal/photos/a.254514484641515/4683814295044823/?type=3,PT,RS,-0.691,-1,1,0,0,0
522166,deputadoarnaldojardim,Deputado Arnaldo Jardim,3381892271834475,uma otima segundafeira para todos vqv deputadoarnaldojardim um dia mttsadopara todos nosf deputadoarnaldojardime rarnaldojardim e a e dsrnaldo jardim5 warnaldojardimoficial,2020-06-22T04:00:01Z,2011-10-14T18:32:37Z,27333,100044230999650,124866,Photo,Image,1,128,128,36,3,88,1,0,0,0,0,0,0,0,0,"VQV,DeputadoArnaldoJardim",https://www.facebook.com/284823328208067/posts/3381892271834475,https://www.facebook.com/deputadoarnaldojardim/photos/a.301065659917167/3381890598501309/?type=3,CIDADANIA,SP,-0.014,1,0,0,0,0
606701,DepZeCarlosPT,Deputado Zé Carlos,1458051661050206,sabado de agenda politica em vargem grande ainda em vargem grande fiz uma visita ao meu amigo ex militante que fez historia no partido dos trabalhadores edimilson carneiro oportunidade em que conversamos sobre cenario politico em todo estado e projetos de desenvolvimento para o municipio no povoado pedra grande visitei a barragem construida atraves de emenda de minha autoria a pedido do meu amigo antonio carlos importante lideranca do povoado e candidato a vereador muita satisfacao e alegria em ver que as acoes do nosso mandato estao chegando na base e melhorando a vida das pessoas para finalizar nossa agenda visitamos o centro de comercializacao quilombola construida tambem atraves de emenda parlamentar que destinei a pedido das liderancas quilombolas do povoado pequi da rampa o centro quilombola visa comercializar produtos oriundos da agricultura familiar cultivados pelos proprios quilombolas do povoado e assim que nosso mandato se faz presente nos municipios atraves do nosso trabalho quilombolas vargemgrande photos from deputado ze carloss post,2020-10-05T08:55:47Z,2013-03-18T19:15:16Z,9658,100050540707095,16225,Photo,Image,1,23,23,1,0,22,0,0,0,0,0,0,0,0,0,"quilombolas,vargemgrande",https://www.facebook.com/119993288189390/posts/1458051661050206,https://www.facebook.com/DepZeCarlosPT/photos/a.260622447459806/1458051341050238/?type=3,PT,MA,-0.691,-1,1,8,0,0
497631,depzeneto,Zé Neto,3149383295156716,rui costa conheca junto comigo o novo hospital geral cleriston andrade 2 em feiradesantana,2020-07-15T08:32:41Z,2012-11-06T14:32:03Z,44088,100044217230122,45953,Live Video Complete,Video,0,75,75,0,6,68,1,0,0,0,0,0,468,22249,0,NA,https://www.facebook.com/361989510562789/posts/3149383295156716,https://www.facebook.com/ruicostaoficial/videos/679656472891779/,PT,BA,-0.691,-1,0,0,0,0
535319,deputadoluciomosquini,Lucio Mosquini,588376438461620,um batepapo sobre a politica em jiparana live do isau,2020-06-08T17:51:46Z,2013-01-04T19:39:41Z,17774,100044324145285,22441,Live Video Complete,Video,0,2756,2759,1875,251,514,113,0,1,1,1,3,3333,10262,0,NA,https://www.facebook.com/448316011988466/posts/588376438461620,https://www.facebook.com/login/?next=https%3A%2F%2Fwww.facebook.com%2Fdeputadoluciomosquini%2Fvideos%2F588376438461620%2F,MDB,RO,0.137,1,0,0,0,0
424134,dep.eliborges,Eli Borges,2917155441680699,e necessario dizer nao saia de casa mas e a fome do necessitado igreja esta e a sua vez patrao cristao esta e a sua vez cristaos ricos esta e a sua vez politicos cristaos esta e a sua vez o que deus espera de nos que vivamos na pratica o amor que pregamos pastor e dep eli borges,2020-03-24T07:40:21Z,2012-03-13T14:05:30Z,2077,100051065209697,5306,Photo,Image,0,249,256,71,46,129,3,0,5,0,2,0,0,0,0,NA,https://www.facebook.com/306453382750931/posts/2917155441680699,https://www.facebook.com/dep.eliborges/photos/a.1507379749324949/2917155401680703/?type=3,PL,TO,0.493,1,0,0,0,0
634028,samia.bomfim.psol,Sâmia Bomfim,891979161209858,a rute alonso sempre foi uma grande parceira em nossos mandatos tanto na epoca de vereadora como agora em brasilia junto com a coletiva nos mulheres rute e precandidata a vereadora pelo psol em sao paulo em defesa das mulheres da populacao lgbt e de uma vida sem violencias conhecam e sigam as redes httpswwwfacebookcomrutealonsonosmulheres,2020-09-08T15:57:13Z,2016-04-19T17:24:36Z,415925,100044232379495,600121,Photo,Image,0,491,493,57,41,303,86,0,2,0,0,4,0,0,0,NA,https://www.facebook.com/101868150220967/posts/891979161209858,https://www.facebook.com/samia.bomfim.psol/photos/a.101963390211443/891978081209966/?type=3,PSOL,SP,-0.874,-1,0,2,0,0
656693,PauloTeixeira13,Paulo Teixeira,4287505564626799,estamos analisando propostas para a prorrogacao do estado de calamidade publica em razao da pandemia como consequencia poderemos favorecer a continuidade do auxilio emergencial tao essencial nesse momento auxilioemergencialja auxilior600,2021-02-13T07:47:09Z,2010-07-14T17:59:25Z,177031,100044147678383,295876,Native Video,Video,1,91,92,12,21,55,2,0,0,0,1,1,910,942,0,"AuxílioEmergencialJá,AuxílioR$600",https://www.facebook.com/123368671040530/posts/4287505564626799,https://www.facebook.com/PauloTeixeira13/videos/133000592012372/,PT,SP,-0.691,-1,0,0,0,0
640329,deputadojoaocampos,João Campos,4368298043211913,meus amigos estive agora pela manha com o presidente jairmessiasbolsonaro e ele deixou uma mensagem para os goianos tamo juntos presidente fechadocombolsonaro,2020-09-02T10:00:02Z,2013-09-16T13:37:14Z,40396,100046830321858,54751,Native Video,Video,1,432,434,33,85,296,18,0,2,0,0,0,1544,33,0,fechadocombolsonaro,https://www.facebook.com/586776594697429/posts/4368298043211913,https://www.facebook.com/deputadojoaocampos/videos/4368297903211927/,PSB,PE,-0.427,-1,0,0,0,0
660255,PauloTeixeira13,Paulo Teixeira,4278883242155698,alimentacao foi o que mais pesou na inflacao de janeiro sem o auxilio emergencial como as pessoas estao conseguindo comprar comida a resposta e nao estao f5 getty images pro ninja alimentacao foi o que mais pesou na inflacao de janeiro em 12 meses cebola subiu 43 batata inglesa 67 e tomate 40,2021-02-10T07:13:50Z,2010-07-14T17:59:25Z,176958,100044147678383,295751,Photo,Image,0,301,358,53,131,115,0,2,0,35,22,0,0,0,0,NA,https://www.facebook.com/123368671040530/posts/4278883242155698,https://www.facebook.com/PauloTeixeira13/photos/a.2793925870651450/4278883005489055/?type=3,PT,SP,-0.691,-1,0,0,0,0
529017,AlencarBraga13,Alencar Santana,631667204120066,flexibilizacao gutti sera o responsavel pelas mortes em guarulhos ao vivo com os vereadores de guarulhos genilda e ze luis,2020-06-15T10:34:39Z,2011-07-26T17:50:38Z,30294,100044542924721,131600,Live Video Complete,Video,0,916,943,481,187,227,17,3,17,4,6,1,13405,18835,0,NA,https://www.facebook.com/227403640631475/posts/631667204120066,https://www.facebook.com/login/?next=https%3A%2F%2Fwww.facebook.com%2Flogin%2F%3Fnext%3Dhttps%253A%252F%252Fwww.facebook.com%252Flogin%252F%253Fnext%253Dhttps%25253A%25252F%25252Fwww.facebook.com%25252Flogin%25252F%25253Fnext%25253Dhttps%2525253A%2525252F%2525252Fwww.facebook.com%2525252Flogin%2525252F%2525253Fnext%2525253Dhttps%252525253A%252525252F%252525252Fwww.facebook.com%252525252Flogin%252525252F%252525253Fnext%252525253Dhttps%25252525253A%25252525252F%25252525252Fwww.facebook.com%25252525252Flogin%25252525252F%25252525253Fnext%25252525253Dhttps%2525252525253A%2525252525252F%2525252525252Fwww.facebook.com%2525252525252Flogin%2525252525252F%2525252525253Fnext%2525252525253Dhttps%252525252525253A%252525252525252F%252525252525252Fwww.facebook.com%252525252525252Flogin%252525252525252F%252525252525253Fnext%252525252525253Dhttps%25252525252525253A%25252525252525252F%25252525252525252Fwww.facebook.com%25252525252525252Flogin%25252525252525252F%25252525252525253Fnext%25252525252525253Dhttps%2525252525252525253A%2525252525252525252F%2525252525252525252Fwww.facebook.com%2525252525252525252FAlencarBraga13%2525252525252525252Fvideos%2525252525252525252F631667204120066%2525252525252525252F,PT,SP,-0.691,-1,0,1,0,0
311584,helder.salomao.1350,Helder Salomão,1674409599366096,vidas perdidas almas abandonadas leis que nao ajudam esperanca como unica opcao o caminho tocado pelos familiares das mais de 270 vitimas assassinadas pelo crime de brumadinho assim como os milhares de moradores prejudicados com o rompimento da barragem seguem sem direitos sem apoio sem ajuda infelizmente as penas para quem comete crimes ambientas em nosso pais ainda sao muito brandas o que me motivou a apresentar dois projetos de lei na camara um que obriga os municipios a terem permanentemente estruturas de defesa civil e outro que pune com mais rigor pessoas fisicas e juridicas que praticarem crimes ambientais alem de exigir dos culpados a recuperacao dos danos ambientais e sociais mesmo que os emocionais sejam impagaveis e preciso avancar com esse debate nao da mais para permitir que novos crimes acontecam,2020-01-25T06:00:33Z,2015-04-24T18:24:11Z,32662,100044269127763,41993,Photo,Image,0,329,444,31,124,173,0,1,0,107,8,0,0,0,0,NA,https://www.facebook.com/546851998788534/posts/1674409599366096,https://www.facebook.com/546851998788534/photos/a.548756568598077/1674408909366165/?type=3,PT,ES,-0.691,-1,4,2,0,0
916369,davidmirandario12,David Miranda,4993251280690290,acredito na ciencia no combate a pandemia e respeito os varios profissionais da saude dedicados a cuidar do nosso pais num momento tao dificil onde temos como inimigos o virus o negacionismo o desemprego a incerteza etc vacina sim nos jovens temos que fazer nossa parte tambem lembre seus amigos e sua familia de que os cuidados continuam mas a vacina e essencial juntos vamos vencer via maisa silva,2021-08-14T19:51:51Z,2009-12-22T18:08:42Z,434668,100044227669786,487226,Photo,Image,0,10381,10385,114,271,7401,2571,1,4,0,0,23,0,0,0,NA,https://www.facebook.com/1101124169903040/posts/4993251280690290,https://www.facebook.com/davidmmirandarj/photos/a.1105647426117381/4993251227356962/?type=3,PDT,RJ,-0.356,-1,0,0,0,0
334180,biakicisoficial,Bia Kicis,1447979025368655,o governo do nosso presidente jair messias bolsonaro ja esta dando certo o video mostra isso,2019-12-18T12:51:28Z,2015-11-02T20:26:13Z,470208,100044220769786,586800,Native Video,Video,0,42972,43377,1067,21660,18687,1486,72,394,1,10,0,117125,365648,0,NA,https://www.facebook.com/522420381257862/posts/1447979025368655,https://www.facebook.com/biakicisoficial/videos/492804648253976/,PL,DF,0.493,1,0,0,0,0
51420,amigoneyleprevost,Ney Leprevost,2024235104366114,atendendo a pedidos mais algumas fotos do emocionante evento que realizamos no teatro guaira esta semana em comemoracao ao dia internacional da familia na oportunidade demos inicio a rede de voluntarios familia solidaria agradeco aos artistas que se apresentaram gratuitamente a direcao e a equipe do teatro a superintendencia da cultura aos servidores da secretaria de justica familia e trabalho do governo do parana e a todos nossos parceiros a plateia estava lotada as pessoas participaram de uma forma incrivel e fizeram desta noite uma das mais lindas da minha vida deus abencoe as familias diainternacionaldafamilia governodoparana cultura sejuf ratinhojunior familiasolidaria neyleprevost photos from ney leprevosts post,2019-05-17T07:07:57Z,2012-02-13T15:33:47Z,125900,100044163081050,148560,Photo,Image,1,68,68,7,0,60,1,0,0,0,0,0,0,0,0,"diainternacionaldafamília,governodoparaná,cultura,sejuf,RatinhoJúnior,famíliasolidária,NeyLeprevost",https://www.facebook.com/128327663956877/posts/2024235104366114,https://www.facebook.com/amigoneyleprevost/photos/a.465125666943740/2024233624366262/?type=3,PSD,PR,0.296,1,0,1,0,0
640901,joaocampospsb,João Campos,1126372241132552,recife confirma participacao em consorcio da frente nacional dos prefeitos fnp para aquisicao de vacina,2021-03-01T16:15:35Z,2017-10-02T14:40:34Z,87545,100044277137171,107032,Native Video,Video,0,1644,1646,154,136,1301,46,2,1,0,1,5,6870,9207,0,NA,https://www.facebook.com/354452078324576/posts/1126372241132552,https://www.facebook.com/joaocampospsb/videos/2801943743390105/,REPUBLICANOS,GO,0.55,1,0,1,0,0
418760,ViniciusPoit,Vinicius Poit,1087859211595056,na coordenacao da bancada paulista decidimos redirecionar todas as emendas de bancada para o combate ao coronavirus essa e uma decisao dos 70 deputados e dos 3 senadores do estado o momento de crise exige uniao e foco na solucao bancadapaulista saopaulo sp coronavirus isolamento quarentena cuidado atencao secuide prevencao ministeriodasaude saude politica deputadofederal camaradosdeputados congressonacional aquietrabalho trabalhoemequipe vaibrasil tamojunto novo novo30 partidonovo novonacamara novodeverdade timepoit gabinete558,2020-03-28T12:59:26Z,2016-12-21T11:59:25Z,321116,100044460758408,422643,Photo,Image,1,986,989,44,55,837,49,1,2,0,1,0,0,0,0,"BancadaPaulista,SãoPaulo,SP,Coronavirus,Isolamento,Quarentena,Cuidado,Atenção,SeCuide,Prevenção,MinistérioDaSaúde,Saúde,Política,DeputadoFederal,CâmaraDosDeputados,CongressoNacional,AquiéTrabalho,TrabalhoEmEquipe,VaiBrasil,TamoJunto,NOVO,NOVO30,PartidoNOVO,NOVOnaCâmara,NOVODEVERDADE,TimePoit,Gabinete558",https://www.facebook.com/345383669175951/posts/1087859211595056,https://www.facebook.com/ViniciusPoit/photos/a.463474684033515/1087858998261744/?type=3,NOVO,SP,0.711,1,0,1,0,1
547557,padilhando,Alexandre Padilha,3530873363670231,a renovacao da esquerda esta vindo com novos nomes para atualizar os campos progressistas e tirar o projeto mentiroso da direita brasileira do poder e com marilia arraes guilherme boulos 50 e manuela davila que a esquerda pode unirse e criar um sentimento coletivo de fraternidade e solidariedade vamos juntos neste domingo mostrar a nossa esperanca por um projeto atraves democracia,2020-11-26T15:30:55Z,2015-09-14T23:09:41Z,66239,100044489826998,166726,Photo,Image,0,2689,2708,189,395,1730,338,0,12,1,6,37,0,0,0,NA,https://www.facebook.com/894038504020410/posts/3530873363670231,https://www.facebook.com/login/?next=https%3A%2F%2Fwww.facebook.com%2Flogin%2F%3Fnext%3Dhttps%253A%252F%252Fwww.facebook.com%252Flogin%252F%253Fnext%253Dhttps%25253A%25252F%25252Fwww.facebook.com%25252Flogin%25252F%25253Fnext%25253Dhttps%2525253A%2525252F%2525252Fwww.facebook.com%2525252Flogin%2525252F%2525253Fnext%2525253Dhttps%252525253A%252525252F%252525252Fwww.facebook.com%252525252Flogin%252525252F%252525253Fnext%252525253Dhttps%25252525253A%25252525252F%25252525252Fwww.facebook.com%25252525252Flogin%25252525252F%25252525253Fnext%25252525253Dhttps%2525252525253A%2525252525252F%2525252525252Fwww.facebook.com%2525252525252Flogin%2525252525252F%2525252525253Fnext%2525252525253Dhttps%252525252525253A%252525252525252F%252525252525252Fwww.facebook.com%252525252525252Flogin%252525252525252F%252525252525253Fnext%252525252525253Dhttps%25252525252525253A%25252525252525252F%25252525252525252Fwww.facebook.com%25252525252525252Flogin%25252525252525252F%25252525252525253Fnext%25252525252525253Dhttps%2525252525252525253A%2525252525252525252F%2525252525252525252Fwww.facebook.com%2525252525252525252Fpadilhando%2525252525252525252Fphotos%2525252525252525252Fa.894042630686664%2525252525252525252F3530865770337657%2525252525252525252F%2525252525252525253Ftype%2525252525252525253D3,PT,SP,-0.691,-1,2,0,1,1
382460,carlosgomesdep,Carlos Gomes,1917114098420381,se voce desconfia que esta com sintomas do coronavirus saiba o que fazer aqui mais detalhes httpsbitly3akwgg1httpsrepublicanos10orgbrnoticiasrepublicanosnacionalsaibaoquefazerseapresentarsintomasdacovid19 republicanos10 se voce desconfia que esta com sintomas do coronavirus saiba o que fazer aqui mais detalhes httpsbitly3akwgg1httpsrepublicanos10orgbrnoticiasrepublicanosnacionalsaibaoquefazerseapresentarsintomasdacovid19,2020-05-02T10:20:05Z,2012-10-29T18:33:30Z,22597,100044605141741,45584,Photo,Image,0,36,36,0,4,32,0,0,0,0,0,0,0,0,0,NA,https://www.facebook.com/212265828905225/posts/1917114098420381,https://www.facebook.com/Republicanos10/photos/a.202460673143125/2866269603428872/?type=3,REPUBLICANOS,RS,0.55,1,0,0,0,0
196573,gustavofruet,Gustavo Fruet,2936320386408740,o tratado de itaipu assinado por brasil e paraguai em 26 de abril de 1973 preve a revisao do acordo apos 50 anos um dos nossos objetivos e garantir que parte do valor economizado a partir 2023 quando sera quitada a divida de construcao da usina seja revertido em investimentos no estado do parana com a amortizacao da divida estimase que sobre para cada um dos paises brasil e paraguai pouco mais de us 1 bilhaoano e um valor muito expressivo e e justo que o parana estado onde a usina esta instalada seja beneficiado,2019-06-03T13:00:04Z,2011-06-13T20:51:22Z,107662,100044578322938,128676,Photo,Image,0,151,152,11,15,125,0,0,1,0,0,0,0,0,0,NA,https://www.facebook.com/214730151901124/posts/2936320386408740,https://www.facebook.com/gustavofruet/photos/a.220999277940878/2936312473076198/?type=3,PDT,PR,-0.356,-1,0,0,0,0
874174,drasorayamanato,Dra. Soraya Manato,853560212182587,neste momento estamos na empresa bramagran marmores e granitos em casteloes a bramagran e uma empresa de grande porte que atua no mercado de rochas ornamentais ha mais de 25 anos photos from dra soraya manatos post,2021-05-19T08:41:06Z,2018-08-07T16:32:45Z,42106,100044271347498,52831,Photo,Image,0,298,298,4,16,274,3,0,0,0,0,1,0,0,0,NA,https://www.facebook.com/197504777788137/posts/853560212182587,https://www.facebook.com/drasorayamanato/photos/a.323314868540460/853560138849261/?type=3,PTB,ES,0.455,1,0,0,0,0
105990,DeputadoFederalVicentinho,Deputado Federal Vicentinho,1598493133619072,lula encontro nacional lula livre em sao paulo,2019-03-16T16:39:00Z,2012-11-20T23:29:25Z,100819,100044429679696,196932,Live Video Complete,Video,0,41,41,0,3,36,2,0,0,0,0,0,324,138421,0,NA,https://www.facebook.com/212580628877003/posts/1598493133619072,https://www.facebook.com/Lula/videos/627221924415766/,PT,SP,-0.691,-1,0,0,0,0
638197,orlandosilvasp,Orlando Silva,3757649390963591,em 2021 a usp atingira uma importante marca 50 dos seus estudantes serao cotistas e oriundos de escola publica aos que diziam que com a chegada do povo pobre e preto a universidade de paulo teria sua qualidade diminuida esse dado so reforca o quao atrasado e racista e esse pensamento o que garante a excelencia da educacao e um governo comprometido com mais recursos para a universidade quando cheguei na usp era um dos poucos negros ali felizmente nossa luta tem transformado essa realidade e a usp segue despontando como motivo de orgulho para nosso pais lutar vale a pena confira httpscuttlysfbbui1httpseducacaoestadaocombrnoticiasgeralbrasileo6paiscommaisuniversidadesmelhoravaliadasemrankinginternacionaluspsobe70003422166utmsourcetwitternewsfeedutmmediumsocialorganicutmcampaignredessociais092020eutmcontentutmterm orlandosilva usp educacao,2020-09-04T07:12:17Z,2012-07-18T20:04:59Z,43681,100044388640873,137617,Photo,Image,1,143,144,20,13,102,8,0,1,0,0,0,0,0,0,"OrlandoSilva,USP,Educação",https://www.facebook.com/397405070321390/posts/3757649390963591,https://www.facebook.com/orlandosilvasp/photos/a.762278903834003/3757649137630283/?type=3,PCDOB,SP,-0.822,-1,0,1,0,0
