Name,state,facebook handle,twitter handle,instagram handle,partido,2021_ideological_score,name_simplified,last_name
Abílio Santana,BA,pastorabiliosantana,AbilioSantanna,abiliosantanna,PL,0.493,abilio santana,santana
Abou Anni,SP,DeputadoFederalAbouAnni,NA,abouanni,PSL,0.803,abou anni,anni
Acácio Favacho,AM,deputadofederalacaciofavacho,AcacioFavacho,acaciofavacho,PROS,0.19,acacio favacho,favacho
Adriana Ventura,SP,adriventurasp,adriventurasp,adriventurasp,NOVO,0.711,adriana ventura,ventura
Aécio Neves,MG,AecioNevesOficial,AecioNeves,aecionevesoficial,PSDB,0.157,aecio neves,neves
Afonso Florence,BA,afonsoflorence13,AfonsoFlorence,afonsoflorence,PT,-0.691,afonso florence,florence
Afonso Hamm,RS,depafonsohamm,DepAfonsoHamm,afonsohamm,PP,0.51,afonso hamm,hamm
Afonso Motta,RS,AfonsoMottaOpina,afonso_motta,afonsomottaoficial,PDT,-0.356,afonso motta,motta
Aguinaldo Ribeiro,PB,depaguinaldoribeiro,depaguinaldo11,depaguinaldoribeiro,PP,0.51,aguinaldo ribeiro,ribeiro
Airton Faleiro,PA,airtonfaleiropt,FaleiroAirton,airtonfaleiropt,PT,-0.691,airton faleiro,faleiro
AJ Albuquerque,CE,albuquerque.aj,NA,albuquerque.aj,PP,0.51,aj albuquerque,albuquerque
Alan Rick,AC,alanrickoficial,Alan_Rick,alanrickm,DEM,0.431,alan rick,rick
Alceu Moreira,RS,depalceumoreira,Alceu_Moreira,alceu_moreira,MDB,0.137,alceu moreira,moreira
Alcides Rodrigues,GO,alcidesrodriguesoficial,NA,alcidesrodriguesoficial,PATRIOTA,0.455,alcides rodrigues,rodrigues
Alê Silva,MG,AleSilvaOficial,alesilva_38,alesilva.oficial,PSL,0.803,ale silva,silva
Alencar Santana,SP,AlencarBraga13,AlencarBraga13,alencarbraga13,PT,-0.691,alencar santana,santana
Alessandro Molon,RJ,MolonRJ,alessandromolon,molonrj,PSB,-0.427,alessandro molon,molon
Alex Manente,SP,alexmanente,AlexManente23,alexmanente,CIDADANIA,-0.014,alex manente,manente
Alexandre Frota,SP,alexandrefrotaoficial77,77_frota,alexandrefrota_oficial,PSDB,0.157,alexandre frota,frota
Alexandre Leite,SP,AlexandreLeite.SP,lexandreleite,alexandreleite.sp,DEM,0.431,alexandre leite,leite
Alexandre Padilha,SP,padilhando,padilhando,padilhando,PT,-0.691,alexandre padilha,padilha
Alexandre Serfiotis,RJ,alexandreserfiotis,AleSerfiotis,alexandreserfiotis,PSD,0.296,alexandre serfiotis,serfiotis
Alexis Fonteyne,SP,alexisfonteyne30,AlexisFonteyne,alexisfonteyne30,NOVO,0.711,alexis fonteyne,fonteyne
Alice Portugal,BA,deputadaaliceportugal,Alice_Portugal,aliceportugal,PCDOB,-0.822,alice portugal,portugal
Aliel Machado,PR,alielmachado,alielmachado,alielmachado,PSB,-0.427,aliel machado,machado
Aline Gurgel,AM,depalinegurgel,alinegurgel_ap,dep_alinegurgel,REPUBLICANOS,0.55,aline gurgel,gurgel
Aline Sleutjes,PR,alinesleutjes,AlineSleutjes,alinesleutjes,PSL,0.803,aline sleutjes,sleutjes
Altineu Côrtes,RJ,altineucortesrj,Altineu,altineucortesrj,PL,0.493,altineu cortes,cortes
Aluisio Mendes,MA,aluisiomendesma,aluisiomendesma,aluisiomendesma,PSC,0.596,aluisio mendes,mendes
Amaro Neto,ES,amaronetotv,NA,amaronetotv,REPUBLICANOS,0.55,amaro neto,neto
André Abdon,AM,depandreabdon,DepAndreAbdon,andreabdon_,PP,0.51,andre abdon,abdon
André de Paula,PE,andredepaulaoficial,Andredepaula55,andredepaulaoficial,PSD,0.296,andre de paula,paula
André Ferreira,PE,andreferreira.pe,aferreira2222,andreferreira.pe,PSC,0.596,andre ferreira,ferreira
André Figueiredo,CE,DeputadoAndreFigueiredo,andrepdt12,depandrefigueiredo,PDT,-0.356,andre figueiredo,figueiredo
André Fufuca,MA,andrefufuca,DepAndreFufuca,NA,PP,0.51,andre fufuca,fufuca
André Janones,MG,AndreJanones,AndreJanonesAdv,andrejanones,AVANTE,0.455,andre janones,janones
Angela Amin,SC,AngelaAmin11,DeputadaAngela,angelaaminoficial,PP,0.51,angela amin,amin
Antonio Brito,BA,antoniobritoBA,NA,antoniobritobahia,PSD,0.296,antonio brito,brito
Arlindo Chinaglia,SP,depchinaglia,depchinaglia,depchinaglia,PT,-0.691,arlindo chinaglia,chinaglia
Aroldo Martins,PR,aroldomartinsoficial,aroldomartins,aroldomartinsoficial,REPUBLICANOS,0.55,aroldo martins,martins
Arthur Oliveira Maia,BA,arthur.oliveiramaia,DepArthurMaia,departhuroliveiramaia,DEM,0.431,arthur oliveira maia,maia
Assis Carvalho,PI,assiscarvalho.pt,assis_carvalho,assis_carvalho.pt,PT,-0.691,assis carvalho,carvalho
Átila Lira,PI,deputadoatilalira,deputadoatila,atilalirapi,PP,0.51,atila lira,lira
Augusto Coutinho,PE,augusto.coutinho,dep_acoutinho,NA,SOLIDARIEDADE,0.19,augusto coutinho,coutinho
Áurea Carolina,MG,aureacarolina,aureacarolinax,aureacarolina,PSOL,-0.874,aurea carolina,carolina
Aureo Ribeiro,RJ,AureoRibeiroRJ,AureoRibeiroRJ,aureo.ribeiro,SOLIDARIEDADE,0.19,aureo ribeiro,ribeiro
Bacelar,BA,deputadobacelar,DeputadoBacelar,deputadobacelar,PODE,0.386,bacelar,bacelar
Baleia Rossi,SP,baleia.rossi,Baleia_Rossi,baleia.rossi,MDB,0.137,baleia rossi,rossi
Benedita da Silva,RJ,blogdabenedita,dasilvabenedita,instadabene,PT,-0.691,benedita da silva,silva
Benes Leocádio,RN,BenesLeocadioRN,benesleocadiorn,benesleocadiorn,REPUBLICANOS,0.55,benes leocadio,leocadio
Beto Faro,PA,DeputadoBetoFaro,BetoFaroPT,betofaro131,PT,-0.691,beto faro,faro
Beto Pereira,MS,BetoPereiraMS,betopereirams,betopereirams,PSDB,0.157,beto pereira,pereira
Beto Rosado,RN,betorosado1111,BetoRosado,beto.rosado,PP,0.51,beto rosado,rosado
Bia Kicis,DF,biakicisoficial,Biakicis,biakicis,PSL,0.803,bia kicis,kicis
Bibo Nunes,RS,bibonunes,bibonunes1,bibonunes1,PSL,0.803,bibo nunes,nunes
Bira do Pindaré,MA,bira.dopindare,BiradoPindare,biradopindare,PSB,-0.427,bira do pindare,pindare
Boca Aberta,PR,marabocaabertaparana,bocaabertajr,bocaabertaoficial,PROS,0.19,boca aberta,aberta
Bosco Costa,SE,boscocostase,BoscoCosta_SE,boscocostase,PL,0.493,bosco costa,costa
Bosco Saraiva,AM,BoscoSaraivaAM,boscosaraiva,boscosaraiva,SOLIDARIEDADE,0.19,bosco saraiva,saraiva
Bruna Furlan Deputada Estadual,SP,BrunaFurlanDeputadaEstadual,DepBrunaFurlan,depbrunafurlan,PSDB,0.157,bruna furlan deputada estadual,estadual
Cabo Junio Amaral,mg,cabojunioamaral,cabojunioamaral,cabojunioamaral,PSL,0.803,cabo junio amaral,amaral
Cacá Leão,BA,CacaLeaoOficial,CacaLeao,cacaleao,PP,0.51,caca leao,leao
Camilo Capiberibe,AM,camilocapiberibe,CamiloPSB,NA,PSB,-0.427,camilo capiberibe,capiberibe
Capitão Alberto Neto,AM,capitaoalbertoneto,capalbertoneto,capitaoalbertoneto,REPUBLICANOS,0.55,alberto neto,neto
Capitão Augusto,SP,capitaoaugustooficial,capitaoaugusto_,capitaoaugustooficial,PL,0.493,augusto,augusto
Capitão Wagner,CE,capitaowagnersousa,capitao_wagner,capitaowagnersousa,PROS,0.19,wagner,wagner
Carla Zambelli,SP,ZambelliOficial,Zambelli2210,carla.zambelli,PSL,0.803,carla zambelli,zambelli
Carlos Bezerra,MT,carlosbezerraoficial,NA,carlosbezerraoficial,MDB,0.137,carlos bezerra,bezerra
Carlos Chiodini,SC,CarlosChiodini,carloschiodini,carloschiodini,MDB,0.137,carlos chiodini,chiodini
Carlos Gomes,RS,carlosgomesdep,carlosgomesdep,carlosgomesdep,REPUBLICANOS,0.55,carlos gomes,gomes
Carlos Gurgel,RJ,joaocarlosgurgel,depgurgel,NA,PSL,0.803,carlos gurgel,gurgel
Carlos Jordy,RJ,carlosjordyoficial,carlosjordy,carlosjordy,PSL,0.803,carlos jordy,jordy
Carlos Sampaio,SP,DeputadoCarlosSampaio,carlossampaio_,depcarlossampaio,PSDB,0.157,carlos sampaio,sampaio
Carlos Veras,PE,carlosveraspt,carlosveraspt,NA,PT,-0.691,carlos veras,veras
Carlos Zarattini,SP,depzarattini,CarlosZarattini,depzarattini,PT,-0.691,carlos zarattini,zarattini
Carmen Zanotto,SC,CarmenZanottoSC,carmen_zanotto,carmenzanotto_lages,CIDADANIA,-0.014,carmen zanotto,zanotto
Carol De Toni,SC,carolinerdetoni,CarolDeToni,carolinedetoni,PSL,0.803,carol de toni,toni
Cássio Andrade,PA,cassioandrade4011,cassio4011,cassioandrade4011,PSB,-0.427,cassio andrade,andrade
Celina Leão,DF,CelinaLeaoDf,celinaleao,celia.leao.oficial,PP,0.51,celina leao,leao
Célio Moura,TO,CelioMouraTO,CelioMouraTO,celiomourato,PT,-0.691,celio moura,moura
Célio Studart,CE,celio.studart,CelioStudart,celiostudart,PV,-0.069,celio studart,studart
Celso Sabino,PA,celsosabinooficial,depcelsosabino,celsosabinooficial,PSDB,0.157,celso sabino,sabino
Celso Maldaner,SC,NA,maldaner_celso   ,maldaner_celso,MDB,0.137,celso,maldaner
Cezinha de Madureira,BA,NA,cezinhamadurei1,cezinhademadureira,PSD,0.296,cezinha,madureira
Charles Fernandes,BA,charlesfernandesoficial,CharlesFederal,charlesfernandesoficial,PSD,0.296,charles fernandes,fernandes
Charlles Evangelista,MG,charlles.evangelista,charllesevg,charlles.evangelista,PSL,0.803,charlles evangelista,evangelista
Chico D'Angelo,RJ,chicodangelo,chico_dangelo,chicodangelo,PDT,-0.356,chico d'angelo,dangelo
Chris Tonietto,RJ,ChrisTonietto,ToniettoChris,christonietto,PSL,0.803,chris tonietto,tonietto
Christiane Yared,PR,ChristianeYared,ChristianeYared,christianeyared,PL,0.493,christiane yared,yared
Christino Áureo,RJ,christino.aureo,christinoaureo,christino.aureo,PP,0.51,christino aureo,aureo
Clarissa Garotinho,RJ,ClarissaGarotinhoRJ,dep_clarissa,clarissagarotinho,PROS,0.19,clarissa garotinho,garotinho
Cláudio Cajado,BA,deputadocajado,deputadocajado,deputadocajado,PP,0.51,claudio cajado,cajado
Cleber Verde,MA,cleberverde,CleberVerde10,cleberverde,REPUBLICANOS,0.55,cleber verde,verde
Coronel Armando,SC,coronel.armando,cel_armando,NA,PSL,0.803,coronel armando,armando
Coronel Tadeu,SP,coroneltadeu,CoronelTadeu,coroneltadeu,PSL,0.803,coronel tadeu,tadeu
Covatti Filho,RS,covatti.filho,CovattiFilho,covattifilho,PP,0.51,covatti filho,filho
Da Vitoria,ES,deputadodavitoria,depdavitoria,deputadodavitoria,CIDADANIA,-0.014,da vitoria,vitoria
Dagoberto Nogueira,MS,dagobertonogueirams,depdagoberto,dagobertonogueirams,PDT,-0.356,dagoberto nogueira,nogueira
Daniel Almeida,BA,depdanielalmeida,Daniel_PCdoB,daniel_pcdob,PCDOB,-0.822,daniel almeida,almeida
Daniel Coelho,PE,DanielCoelho23,DanielCoelho23,danielcoelho23,CIDADANIA,-0.014,daniel coelho,coelho
Daniel Freitas,SC,depdanielfreitas,DFDanielFreitas,danielcfreitas,PSL,0.803,daniel freitas,freitas
Daniel Trzeciak,RS,danieltrzeciak45,TrzeciakDaniel,danieltrzeciak45,PSDB,0.157,daniel trzeciak,trzeciak
Daniela Carneiro,RJ,danielacarneirooficial,NA,danielacarneirooficial,MDB,0.137,daniela carneiro,carneiro
Danilo Cabral,PE,danilocabralpe,danilocabralpe,danilocabralpe,PSB,-0.427,danilo cabral,cabral
Darci de Matos,SC,Depdarcidematos,depdarcidematos,depdarcidematos,PSD,0.296,darci de matos,matos
David Miranda,RJ,davidmirandario12,davidmirandario,davidmirandario,PSOL,-0.874,david miranda,miranda
Daniel Silviera,RJ,,,danielpmerj,PSL,0.803,daniel,silveira
David Soares,SP,davidbrsoares,davidbrsoares,davidbrsoares,DEM,0.431,david soares,soares
Delegado Antonio Furtado,RJ,DelegadoAntonioFurtado,DelegadoFurtado,NA,PSL,0.803,antonio furtado,furtado
Delegado Éder Mauro,PA,edermauropa,EderMauroPA,edermauropa,PSD,0.296,eder mauro,mauro
Delegado Felício Laterça,RJ,delegadofeliciolaterca,FederalFelicio,deputadofederalfeliciolaterca,PSL,0.803,felicio laterca,laterca
Delegado Marcelo Freitas,MG,delegadomarcelofreitas,DelegadoFreitas,delegadomarcelofreitas,PSL,0.803,marcelo freitas,freitas
Delegado Pablo,CE,DelegadoPablo,DelegadoPablo_,delegadopablo,PSL,0.803,pablo,pablo
Delegado Waldir,GO,delegadowaldir,NA,delegadowaldir,PSL,0.803,waldir,waldir
Denis Bezerra,CE,Drdenisbezerra,denisbezerra,denisbezerra,PSB,-0.427,denis bezerra,bezerra
Dep Chiquinho Brazão,RJ,depchiquinhobrazao,BrazaoChiquinho,depchiquinhobrazao,AVANTE,0.455,chiquinho brazao,brazao
Dep Pr Jefferson Campos,SP,depjefferson,DepJefferson,depjefferson,PSB,-0.427,pr jefferson campos,campos
Dep. Adriano do Baldy,GO,AdrianoDoBaldyOficial,adrianodobaldy,adrianodobaldyoficial,PP,0.51,adriano do baldy,baldy
Deputado Arnaldo Jardim,SP,deputadoarnaldojardim,ArnaldoJardim,arnaldojardimoficial,CIDADANIA,-0.014,arnaldo jardim,jardim
Deputado Átila Lins,AM,deputado.atilalins,NA,dep.atilalins,PP,0.51,atila lins,lins
Deputado Célio Silveira,GO,celiosilveiradeputadogo,NA,celiosilveiradeputado,PSDB,0.157,celio silveira,silveira
Deputado Coronel Chrisóstomo,RO,DepCoronelChrisostomo,DepChrisostomo,depcoronelchrisostomo,PSL,0.803,coronel chrisostomo,chrisostomo
Deputado Edio Lopes,RR,deputadoediolopes,ediolopes,deputadoediolopes,PL,0.493,edio lopes,lopes
Deputado Federal Arthur Lira,AL,arthurliradeputadofederal,ArthurLira_,oficialarthurlira,PP,0.51,arthur lira,lira
Deputado Federal Bilac Pinto,MG,depbilacpinto,depbilacpinto,bilacpinto,DEM,0.431,bilac pinto,pinto
Deputado Federal Dimas Fabiano,MG,depdimasfabiano.toledo,dimasfabianomg,fabianotoledo,PP,0.51,dimas fabiano,fabiano
Deputado Federal Genecias Noronha,CE,DeputadoGeneciasNoronha,DepGenecias,geneciasnoronha,SOLIDARIEDADE,0.19,genecias noronha,noronha
Deputado federal Igor Kannário,BA,deputadoigorkannario,deputadokannar1,deputadokannario,DEM,0.431,igor kannario,kannario
Deputado Federal Leo Motta,MG,leomottafederal,leomotta_ofc,NA,PSL,0.803,leo motta,motta
Deputado Federal Lincoln Portela,MG,deputadolincolnportela,lincoln_portela,deputado.lincolnportela,PL,0.493,lincoln portela,portela
Deputado Federal Nereu Crispim,RS,nereucrispim,nereucrispim,nereucrispim,PSL,0.803,nereu crispim,crispim
Deputado Federal Nicoletti,RR,DeputadoNicoletti,depnicoletti,deputadonicoletti,PSL,0.803,nicoletti,nicoletti
Deputado Federal Pastor Eurico,PE,deputadopastoreurico,NA,deputadopastoreuricooficial,PATRIOTA,0.455,eurico,eurico
Deputado Federal Ricardo Izar,SP,deputadoricardoizar,RicardoIzar,deputadoricardoizar,PP,0.51,ricardo izar,izar
Deputado Federal Rodrigo de Castro,MG,rodrigocastroMG,MGRodrigoCastro,rodrigodecastromg,PSDB,0.157,rodrigo de castro,castro
Deputado Federal Vicentinho,SP,DeputadoFederalVicentinho,VICENTINHOPT,vicentinho_pt,PT,-0.691,vicentinho,vicentinho
Deputado Federal Zé Silva,MG,deputadofederalzesilva,ZeSilva_,depzesilva,SOLIDARIEDADE,0.19,ze silva,silva
Deputado Jesus Sérgio,AC,deputadoJesusSergio12,jesussergioac,deputadojesussergio,PDT,-0.356,jesus sergio,sergio
Deputado João Daniel,SE,deputadojoaodaniel,depjoaodanielpt,deputadojoaodaniel,PT,-0.691,joao daniel,daniel
Deputado João Marcelo,MA,deputadojoaomarcelo,dep_joaomarcelo,deputadojoaomarcelo,MDB,0.137,joao marcelo,marcelo
Deputado Marcelo Nilo,BA,marcelonilodep,NA,depmarcelonilo,PSB,-0.427,marcelo nilo,nilo
Deputado Marcon,RS,deputadomarcon,deputadomarcon,deputadomarcon,PT,-0.691,marcon,marcon
Deputado Maurício Dziedricki,RS,DepMauricioRS,DepMauricioRS,depmauriciors,PTB,0.455,mauricio dziedricki,dziedricki
Deputado Nivaldo Albuquerque,AL,deputadonivaldoalbuquerque,NivaldoAlbuq,nivaldoalbuquerque,PTB,0.455,nivaldo albuquerque,albuquerque
Deputado Olival Marques,PA,olivalmarquesoficial,olivalmarques      ,odaircunhamg,DEM,0.431,olival marques,marques
Deputado Paulo Freire Costa,SP,deputadopaulofreire,DF_PauloFreire,paulinhofreirern,PL,0.493,paulo freire costa,costa
Deputado Paulo Guedes,MG,pauloguedesmg,deppauloguedes,deputadopauloguedes,PT,-0.691,paulo guedes,guedes
Deputado Paulo Ramos,RJ,pauloramosrio,deppauloramos,pauloramosrio,PDT,-0.356,paulo ramos,ramos
Deputado Robério Monteiro,CE,deproberiomonteiro,NA,dep.roberiomonteiro,PDT,-0.356,roberio monteiro,monteiro
Deputado Sanderson,RS,deputadosanderson,DepSanderson,deputadosanderson,PSL,0.803,sanderson,sanderson
Deputado Sérgio Brito,BA,deputadofederalsergiobrito,NA,sergiobrito5580,PSD,0.296,sergio brito,brito
Deputado Toninho Wandscheer,PR,DeputadoToninho,deputadotoninho,toninhowandscheer,PROS,0.19,toninho wandscheer,wandscheer
Deputado Vanderlei Macris,SP,vanderleimacris,vanderleimacris,vanderleimacris,PSDB,0.157,vanderlei macris,macris
Deputado Zé Carlos,MA,DepZeCarlosPT,Dep_ZeCarlosPT,depzecarlospt,PT,-0.691,ze carlos,carlos
Diego Andrade,MG,diegoandrademg,diegoandrademg,diegoandrademg,PSD,0.296,diego andrade,andrade
Diego Garcia,PR,diegogarciapr,diegogarciapr,diegogarciaparana,PODE,0.386,diego garcia,garcia
Domingos Neto,CE,DomingosNetoCeara,Domingos_Neto,domingosneto,PSD,0.296,domingos neto,neto
Domingos Sávio,MG,domingossaviomg,domingossaviomg,domingossaviomg,PSDB,0.157,domingos savio,savio
Dr Mauro Nazif,RR,DrMauroNazif,nazif_dr,NA,PSB,-0.427,mauro nazif,nazif
Dr. Damião,PB,drdamiao,Drdamiaof,NA,PDT,-0.356,damiao,damiao
Dr. Frederico,MG,DrFredericoMG,DrFredericoMG,drfredericomg,PATRIOTA,0.455,frederico,frederico
Dr. Hiran Gonçalves,RR,drhirangoncalves,drhiran_,dr.hiran,PP,0.51,hiran goncalves,goncalves
Dr. Jaziel Pereira,CE,drjazielpereira,jaziel_dr,drjaziel,PL,0.493,jaziel pereira,pereira
Dr. Leonardo,MT,drleonardomt,DrLeonardomt,drleonardomt,SOLIDARIEDADE,0.19,leonardo,leonardo
Dr. Luiz Ovando,MS,drluizovando,drluizovando,drluizovando,PSL,0.803,luiz ovando,ovando
Dr. Luizinho,RJ,doutorluizinho,Doutorluizinhot,doutorluizinho,PP,0.51,luizinho,luizinho
Dr. Mário Heringer,MG,deputadomarioheringer,mario_heringer,deputadomarioheringer,PDT,-0.356,mario heringer,heringer
Dra Marina,PI,DraMarinaPeloPiaui,dramarinapi,dra.marinasantos,PSL,0.803,dra marina,marina
Dra. Soraya Manato,ES,drasorayamanato,DraManato,sorayamanato,PSL,0.803,dra soraya manato,manato
Dulce Miranda,TO,dulcepaganimiranda,NA,dulcemirandato,MDB,0.137,dulce miranda,miranda
Edilazio Júnior,MA,edilaziojunior,EdilazioJunior_,edilaziojunior_,PSD,0.296,edilazio junior,junior
Edmilson Rodrigues,PA,edmilsonpsol,EdmilsonPSOL,edmilsonpsol,PSOL,-0.874,edmilson rodrigues,rodrigues
Edna Henrique,PB,ednahenriqueoficial,NA,ednahenriqueoficial,PSDB,0.157,edna henrique,henrique
Eduardo Barbosa,MG,deputadofederaleduardobarbosa,eduardobarbosa_,NA,PSDB,0.157,eduardo barbosa,barbosa
Eduardo Bismarck,CE,eduardobismarckce,eduardobismarck,eduardobismarckce,PDT,-0.356,eduardo bismarck,bismarck
Eduardo Bolsonaro,SP,bolsonaro.enb,BolsonaroSP,bolsonarosp,PSL,0.803,eduardo bolsonaro,bolsonaro
Eduardo Braide,MA,eduardobraide,EduardoBraide,eduardobraide,PODE,0.386,eduardo braide,braide
Eduardo Costa,PA,depeduardocosta,dep_eduardo,eduardocosta__,PTB,0.455,eduardo costa,costa
Eduardo Cury,SP,EduardoCuryOficial,Eduardo_Cury,eduardocuryoficial,PSDB,0.157,eduardo cury,cury
Eduardo da Fonte,PE,eduardodafonte,eduardodafonte,NA,PP,0.51,eduardo da fonte,fonte
Efraim Filho,PB,efraimfilho,efraimfilho,NA,DEM,0.431,efraim filho,filho
Elcione Barbalho,PA,elcionebarbalh0,elcionebarbalh0,elcionebarbalho,MDB,0.137,elcione barbalho,barbalho
Eli Borges,TO,depeliborges,elidiasborges,dep.eliborges,SOLIDARIEDADE,0.19,eli borges,borges
Elias Vaz,GO,PoliticoEliasVaz,EliasVazGyn,deputadoeliasvaz,PSB,-0.427,elias vaz,vaz
Elmar Nascimento,BA,elmarnascimento,elmarnascimento,deputadoelmarnascimento,DEM,0.431,elmar nascimento,nascimento
Elvino Bohn Gass,RS,bohngass13,BohnGass,bohn_gass,PT,-0.691,elvino bohn gass,gass
Emanuel Pinheiro,MT,emanuelpinheiromt,emanuelzinhomt,emanuelpinheiromt,PTB,0.455,emanuel pinheiro,pinheiro
Emidinho Madeira,MG,emidinhomadeira,NA,emidinhomadeira,PSB,-0.427,emidinho madeira,madeira
Enio Verri,PR,enioverri,enioverri,enioverri,PT,-0.691,enio verri,verri
Enrico Misasi,SP,enricogmisasi,enricomisasi,enrico.misasi,PV,-0.069,enrico misasi,misasi
Erika Kokay,DF,ErikaKokay,erikakokay,erikakokay,PT,-0.691,erika kokay,kokay
Eros Biondini,MG,erosbiondini,erosbiondini,erosbiondini,PROS,0.19,eros biondini,biondini
Euclydes Pettersen,MG,EuclydesPettersenOficial,EuclydesPetter,euclydespettersenoficial,PSC,0.596,euclydes pettersen,pettersen
Eugenio José Zuliani - Geninho Zuliani,SP,geninhozuliani.pag,geninhozuliani,geninhozuliani,DEM,0.431,eugenio jose zuliani geninho zuliani,zuliani
Evair Vieira de Melo,ES,evair.vieirademelo,EvairdeMelo,evair_de_melo,PP,0.51,evair vieira de melo,melo
Expedito Netto,RO,depexpeditonetto,netto_expedito,expeditonetto,PSD,0.296,expedito netto,netto
Fábio Abreu,PI,fabioabreu.oficial,fabioabreuofc,fabioabreu.oficial,PL,0.493,fabio abreu,abreu
Fábio Faria,RN,fabiofaria.br,NA,fabiofaria.br,PSL,0.803,fabio faria,faria
Fábio Henrique,SE,fabiohenriquese,fabiohenriquese,fabiohenrique.se,PDT,-0.356,fabio henrique,henrique
Fábio Mitidieri,SE,fabiogov55,FabioMitidieri_,fabiogov55,PSD,0.296,fabio mitidieri,mitidieri
Fábio Ramalho,MG,deputadofabioramalho4311,deputadofabiomg,fabinhoramalhomg,MDB,0.137,fabio ramalho,ramalho
Fábio Reis,SE,fabioreispsd,fabioreis_se,depfabioreis,MDB,0.137,fabio reis,reis
Fabio Schiochet,NA,fabioschiochetoficial,fabio_schiochet,fabioschiochet,PSL,0.803,fabio schiochet,schiochet
Fábio Trad,MS,hydrorevivellc,f_trad,fabiotrad,PSD,0.296,fabio trad,trad
Fausto Pinato,SP,faustopinato,DepFaustoPinato,faustopinato,PP,0.51,fausto pinato,pinato
Felipe Carreras,PE,FelipeCarrerasOficial,felipecarreras,felipecarreras,PSB,-0.427,felipe carreras,carreras
Felipe Francischini,PE,depfelipefrancischini,FFrancischini_,felipe_francischini,PSL,0.803,felipe francischini,francischini
Felipe Rigoni,ES,rigonifelipe,rigoni_felipe,rigonifelipe,PSB,-0.427,felipe rigoni,rigoni
Félix Mendonça Júnior,BA,felixjunior1234,FelixMendoncaJr,NA,PDT,-0.356,felix mendonca junior,junior
Fernanda Melchionna,RS,fernandapsol,fernandapsol,fernandapsol,PSOL,-0.874,fernanda melchionna,melchionna
Fernando Filho,PE,fernandofilhope,fernandofilhope,fernandofilhope,DEM,0.431,fernando filho,filho
Fernando Giacobo,PR,fernandogiacobo,fernandogiacobo,fernandogiacobo,PL,0.493,fernando giacobo,giacobo
Fernando Monteiro,PE,fernandomonteirope,fmonteiroPE,fernandomonteirope,PP,0.51,fernando monteiro,monteiro
Fernando Rodolfo,PE,FernandoRodolfoTV,depfernandor,fernandorodolfooficial,PL,0.493,fernando rodolfo,rodolfo
Filipe Barros,PR,filipebarrosoficial,filipebarrost,filipebarrosoficial,PSL,0.803,filipe barros,barros
Flávia Arruda,DF,flaviaperes.df,FlaviaArrudaDF,flaviaperes.df,PL,0.493,flavia arruda,arruda
Flávia Morais,GO,flaviamorais1212,NA,flaviamorais1212,PDT,-0.356,flavia morais,morais
Flaviano Melo,AC,flavianomelooficial,NA,flavianomelooficial,MDB,0.137,flaviano melo,melo
Flávio Nogueira,PI,flavionogueirapi,flavionpi,flavionogueirapi,PDT,-0.356,flavio nogueira,nogueira
Flordelis,RJ,flordelisCantora,depflordelis,flordeliscantora,PSD,0.296,flordelis,flordelis
Francisco Jr,GO,franciscojrgo,franciscojr_go,franciscojr_go,PSD,0.296,francisco jr,jr
Franco Cartafina,MG,francocartafina11,FrancoCartafina,francocartafina,PP,0.51,franco cartafina,cartafina
Fred Costa,MG,FredCostaDeputado,FredCostaDep,fredcostadep,PATRIOTA,0.455,fred costa,costa
Frei Anastacio Ribeiro,PB,freianastaciopt,freianastaciopt,freianastaciopt,PT,-0.691,frei anastacio ribeiro,ribeiro
Gelson Azevedo,RJ,GelsonAzevedoRJ,NA,gelsonazevedorj,PL,0.493,gelson azevedo,azevedo
General Girão Monteiro,RN,generalgirao,GeneralGirao,generalgirao,PSL,0.803,general girao monteiro,monteiro
General Peternelli,SP,generalpeternelli,GenPeternelli,generalpeternelli,PSL,0.803,general peternelli,peternelli
Geninho Zuliani,SP,geninhozuliani,geninhozuliani,NA,DEM,0.431,geninho zuliani,zuliani
Geovania de Sá,SC,geovaniadesaa,geovaniadesa,geovaniasa,PSDB,0.157,geovania de sa,sa
Gervásio Maia,PB,gervasiomaiapb,gervasiomaia,gervasiomaia,PSB,-0.427,gervasio maia,maia
Gil Cutrim,MA,depgilcutrim,gilcutrim,gilcutrim,PDT,-0.356,gil cutrim,cutrim
Gilberto Abramo,MG,gilbertoabramo,gilbertoabramo,gilbertoabramo_,REPUBLICANOS,0.55,gilberto abramo,abramo
Gilberto Nascimento,SP,NA,NA,gnascimento_20,PSC,0.596,gilberto,nascimento
Gildemar Matos Coach,NA,gildemarmatoscoach,NA,NA,NA,NA,gildemar matos coach,coach
Gilson Marques,SC,gilson.marques.novo,gilson__marques,gilson.marques.novo,NOVO,0.711,gilson marques,marques
Giovani Cherini,RS,deputadogiovanicherini,giovanicherini,deputadogiovanicherini,PL,0.493,giovani cherini,cherini
Giovani Feltes,RS,GiovaniFeltes1,GiovaniFeltes,giovanifeltes,MDB,0.137,giovani feltes,feltes
Glauber Braga,RJ,glauber.braga1,Glauber_Braga,glauberbraga_oficial,PSOL,-0.874,glauber braga,braga
Glaustin da Fokus,GO,glaustindafokus,glaustindafokus,glaustindafokus,PSC,0.596,glaustin da fokus,fokus
Gleisi Hoffmann,PR,gleisi.hoffmann,gleisi,gleisihoffmann,PT,-0.691,gleisi hoffmann,hoffmann
Gonzaga Patriota,PE,DepGonzagaPatriota,NA,depgonzagapatriota,PSB,-0.427,gonzaga patriota,patriota
Greyce Elias,mg,greyce.elias,greyceelias,greyceelias,AVANTE,0.455,greyce elias,elias
Guilherme Derrite,SP,guilhermederrite,DerriteSP,guilhermederrite,PP,0.51,guilherme derrite,derrite
Guilherme Mussi,SP,deputadoguilhermemussi,GuilhermeMussi,NA,PP,0.51,guilherme mussi,mussi
Guiga Peixoto,SP,NA,guigapeixotosp,NA,PSC,0.596,guiga,peixoto
Gustavo Fruet,PR,gustavofruet,gustavofruet,gustavofruet_oficial,PDT,-0.356,gustavo fruet,fruet
Gustinho Ribeiro,SE,gustinhoribeiro,GustinhoRibeiro,gustinhoribeiro,SOLIDARIEDADE,0.19,gustinho ribeiro,ribeiro
Gutemberg Reis,RS,GutembergReisOficial,_GutembergReis,gutembergreisoficial,MDB,0.137,gutemberg reis,reis
Heitor Schuch,RS,heitorschuchoficial,HeitorSchuch,heitorschuch,PSB,-0.427,heitor schuch,schuch
Helder Salomão,ES,helder.salomao.1350,heldersalomao,heldersalomao,PT,-0.691,helder salomao,salomao
Helio Leite,NA,helioleitepa,NA,helio.leite,DEM,0.431,helio leite,leite
Helio Lopes,RJ,depheliolopes,depheliolopes,depheliolopes,PSL,0.803,helio lopes,lopes
Henrique Fontana,RS,deputadohenriquefontana,HenriqueFontana,henriquefontana13,PT,-0.691,henrique fontana,fontana
Hercílio Coelho Diniz,MG,herciliocoelhodinizoficial,herciliodiniz,herciliocoelhodinizoficial,MDB,0.137,hercilio coelho diniz,diniz
Herculano Passos,SP,HerculanoPassos,herculanopassos,NA,MDB,0.137,herculano passos,passos
Hermes Frangão Parcianello,PR,frangaofederal,NA,NA,MDB,0.137,hermes frangao parcianello,parcianello
Hildo Rocha,MA,deputadohildorocha,RochaHildorocha,hildorocha,MDB,0.137,hildo rocha,rocha
Hugo Leal,RJ,hugolealdeputadofederal,depHugoLeal,dephugoleal,PSD,0.296,hugo leal,leal
Hugo Motta,PB,hugomottapb,HugoMottaPB,hugomottapb,REPUBLICANOS,0.55,hugo motta,motta
Humberto Souto,MG,NA,soutito_,soutitooficial,PL,0.493,humberto,souto
Idilvan,CE,idilvanoficial,IdilvanAlencar,idilvanalencar,PDT,-0.356,idilvan,idilvan
Igor Timo,MG,oficialigortimo,oficialigortimo,oficialigortimo,PODE,0.386,igor timo,timo
Iracema Portella,PI,iracemaportella,iracemaportela,iracemaportella,PP,0.51,iracema portella,portella
Ivan Valente,SP,IvanValentePSOL,IvanValente,ivanvalentepsol,PSOL,-0.874,ivan valente,valente
Jandira Feghali,RJ,JandiraFeghaliOficial,jandira_feghali,jandira_feghali,PCDOB,-0.822,jandira feghali,feghali
Jaqueline Cassol,RO,jaquelinecassoloficial,jqcassol,jaquelinecassol,PP,0.51,jaqueline cassol,cassol
Jean Wyllys,BA,jean.wyllys,NA,NA,PSOL,-0.874,jean wyllys,wyllys
Jeronimo Goergen,RS,NA,jeronimogoergen,jeronimogoergen,PP,0.51,jeronimo,goergen
Jéssica Sales,AC,depjessicasales,NA,jessicasalesdeputada,MDB,0.137,jessica sales,sales
JHC,AL,jhc,jhcdopovo,jhc,PSB,-0.427,jhc,jhc
Jhonatan de Jesus,RR,DepJhonatanJesus,jhonatan_djesus,jhonatandejesus,REPUBLICANOS,0.55,jhonatan de jesus,jesus
João Bacelar,BA,joaobacelaroficial,DeputadoBacelar,joaobacelaroficial,PL,0.493,joao bacelar,bacelar
João Campos,GO,joaocampospsb,joaocampos       ,joaocampos,REPUBLICANOS,0.55,joao campos,campos
João Roma,BA,joaoromaneto,joaoromaneto,joaoromaneto,REPUBLICANOS,0.55,joao roma,roma
Joaquim Passarinho,PS,joaquimpassarinhooficial,depjpassarinho,joaquim_passarinho,PSD,0.296,joaquim passarinho,passarinho
Joenia Wapichana,RR,depjoeniawapichana,JoeniaWapichana,joeniawapichana,REDE,-0.555,joenia wapichana,wapichana
Joice Hasselmann,SP,joicehasselmann,joicehasselmann,joicehasselmannoficial,PSL,0.803,joice hasselmann,hasselmann
Jorge Braz,RJ,jorgebrazoficial,Jorge_Braz,jorge_braz,REPUBLICANOS,0.55,jorge braz,braz
Jorge Solla,BA,depjorgesolla,depjorgesolla,depjorgesolla,PT,-0.691,jorge solla,solla
José Airton Cirilo,CE,Joseairtoncirilo,JoseAirtonPT,joseairtoncirilo,PT,-0.691,jose airton cirilo,cirilo
José Guimarães,CE,guimaraes13pt,guimaraes13PT,dep_guimaraes,PT,-0.691,jose guimaraes,guimaraes
José Medeiros,MT,josemedeirosMT,JoseMedeirosMT,josemedeirosmt,PODE,0.386,jose medeiros,medeiros
José Nelto,GO,joseneltooficial,josenelto19,joseneltooficial,PODE,0.386,jose nelto,nelto
José Nunes,BA,deputadojosenunes,NA,deputadojosenunes,PSD,0.296,jose nunes,nunes
José Priante,PA,Priante1555,Priante15,prianteoficial,MDB,0.137,jose priante,priante
José Ricardo,AM,ZeRicardoAM,ZeRicardoAM,zericardoam,PT,-0.691,jose ricardo,ricardo
José Rocha,BA,dep.josecha,dep_joserocha,deputadojoserocha,PL,0.493,jose,rocha
Josias Gomes,BA,josiasgomespt,josiasgomesba,josiasgomes1312,PT,-0.691,josias gomes,gomes
Josimar Maranhaozinho,MA,NA,josimarpl22,josimarmaranhaozinho,PL,0.493,josimar,maranhaozinho
Juarez Costa,MT,juarezcostamt,juarezcostamt,juarezcostamt,MDB,0.137,juarez costa,costa
Julian Lemos,PB,julianlemospb,JulianLemosopb1,julianlemosdeputadofederalpb,PSL,0.803,julian lemos,lemos
Julio Cesar Ribeiro,DF,depjuliocesarribeiro,depjuliocesarpi,juliocesarribeiro,REPUBLICANOS,0.55,julio cesar ribeiro,ribeiro
Julio Delgado,MG,NA,depjuliodelgado,depjuliodelgado,MDB,0.137,julio,delgado
Juninho Do Pneu,RJ,juninhodopneu01,JuninhodoPneu,juninhodopneu,DEM,0.431,juninho do pneu,pneu
Júnior Bozzella,SP,jrbozzella,jrbozzella,jrbozzella,PSL,0.803,junior bozzella,bozzella
Júnior Ferrari,PA,juniorferrarideputado,juniorferrari55,juniorferrarideputado,PSD,0.296,junior ferrari,ferrari
Junior Lourenço,MA,Juniorlourencobonfim,NA,juniorlourenco2200,PL,0.493,junior lourenco,lourenco
Junior Mano,CE,juniormanodep,JuniorManoDep,juniormanodep,PL,0.493,junior mano,mano
Juscelino Filho,SP,DepJuscelinoFilho,DepJuscelino,juscelinofilho,DEM,0.431,juscelino filho,filho
Kim Kataguiri,SP,kimkataguiri,KimKataguiri,kimkataguiri,DEM,0.431,kim kataguiri,kataguiri
Laércio Oliveira,SE,senadorlaerciooliveira,laerciosergipe,laerciosergipe,PP,0.51,laercio oliveira,oliveira
Lafayette Andrada,MG,lafayetteandrada,lafayetteandrad,lafayetteandrada,REPUBLICANOS,0.55,lafayette andrada,andrada
Leandre Dal Ponte,PR,LeandreOficial,leandredaideal,leandredalponte,PV,-0.069,leandre dal ponte,ponte
Leda Sadala,AP,depledasadala,NA,dep_ledasadala,AVANTE,0.455,leda sadala,sadala
Leo Moraes,RO,LeoMoraes.19,DepLeoMoraes,leomoraes.ro,PODE,0.386,leo moraes,moraes
Leonardo Monteiro,MG,depleomonteiro,depleomonteiro,depleomonteiro,PT,-0.691,leonardo monteiro,monteiro
Leônidas Cristino,CE,leonidascristinooficial,joseleonidas,leonidas.cristino,PDT,-0.356,leonidas cristino,cristino
Leur Lomanto Junior,BA,leurlomantojr,LeurLomantoJr,leurlomantojr,DEM,0.431,leur lomanto junior,junior
Lídice da Mata,BA,LidicedaMata,lidicedamata,lidicedamata,PSB,-0.427,lidice da mata,mata
Liziane Bayer,RS,LizianeBayer,LizianeBayer,lizianebayeroficial,PSB,-0.427,liziane bayer,bayer
Loester Trutis,MS,loestertrutisdep,LTrutis,dep.loestertrutis,PSL,0.803,loester trutis,trutis
Lourival Gomes,RJ,deputadolourivalgomes,LourivalGomesrj,lourivalgomesrj,PSL,0.803,lourival gomes,gomes
Lucas Gonzalez 3022,MG,lucasvgonzalez,lucasvgonzalez,lucasvgonzalez,NOVO,0.711,lucas gonzalez,gonzalez
Lucas Redecker,RS,LucasRedecker,LucasRedecker,lucasredecker,PSDB,0.157,lucas redecker,redecker
Lucas Vergilio,GO,lucasvergiliogo,LucasVergilioGO,deplucasvergilio,SOLIDARIEDADE,0.19,lucas vergilio,vergilio
Luciano Bivar,PE,Bivaroficial,NA,bivaroficial,PSL,0.803,luciano bivar,bivar
Lucio Mosquini,RO,deputadoluciomosquini,NA,luciomosquini,MDB,0.137,lucio mosquini,mosquini
Luis Miranda USA,DF,luismirandausa,LuisMirandaUSA,luismirandausa,DEM,0.431,luis miranda usa,usa
Luis Tibé,MG,luistibeoficial,LuisTibeOficial,deputadoluistibe,AVANTE,0.455,luis tibe,tibe
Luísa Canziani,SC,canzianiluisa,luisa_canziani,luisa_canziani,PTB,0.455,luisa canziani,canziani
Luiz Antônio Corrêa,RJ,depluizantonio,depluizantonio,depluizantonio,PL,0.493,luiz antonio correa,correa
Luiz Caetano,BA,luiz.caetanoBA,NA,oficialcaetano,PT,-0.691,luiz caetano,caetano
Luiz Carlos,AP,Luizcarlosjr45,DepLuizCarlos,luizcarlosjr45,PSDB,0.157,luiz carlos,carlos
Luiz Flávio Gomes,SP,institutoluizflaviogomes,NA,professorlfg,PSB,-0.427,luiz flavio gomes,gomes
Luiz Lima,RJ,oficialluizlima,Oficialluizlima,oficialluizlima,PSL,0.803,luiz lima,lima
Luiz Nishimori,PR,nishimoriluiz,LuizNishimori,NA,PL,0.493,luiz nishimori,nishimori
Luiz Philippe de Orleans e Bragança,RJ,lpbragancabr,lpbragancabr,lpbragancabr,PSL,0.803,luiz philippe de orleans e braganca,braganca
Luiza Erundina,SP,luizaerundina,luizaerundina,luizaerundina,PSOL,-0.874,luiza erundina,erundina
Luizão Goulart,PR,luizaogoulartpr,luizaogoulart,luizaogoulart,REPUBLICANOS,0.55,luizao goulart,goulart
Luizianne Lins,CE,luiziannelinsPT,LuizianneLinsPT,luiziannelinspt,PT,-0.691,luizianne lins,lins
Magda Mofatto,GO,MagdaMofatto.Goias,MofattoMagda,magdamofatto.goias,PL,0.493,magda mofatto,mofatto
Major Fabiana,RJ,majorfabiana,majorfabianadep,NA,PSL,0.803,major fabiana,fabiana
Major Vitor Hugo,GO,DeputadoVitorHugo,MajorVitorHugo,majorvitorhugo,PSL,0.803,major vitor hugo,hugo
Mara Rocha,AC,soumararocha,soumara15,mararochaacre,PSDB,0.157,mara rocha,rocha
Marcel van Hattem,RS,marcelvh,marcelvanhattem,NA,NOVO,0.711,marcel van hattem,hattem
Marcelo Álvaro Antônio,MG,marceloalvaroantonio,Marceloalvaroan,marceloalvaroantonio,PSL,0.803,marcelo alvaro antonio,antonio
Marcelo Aro,MG,marceloaro,marceloaro,marceloaro,PP,0.51,marcelo aro,aro
Marcelo Calero,RJ,calero.rio,caleromarcelo,marcelocalero,CIDADANIA,-0.014,marcelo calero,calero
Marcelo Freixo,RJ,freixo.marcelo,MarceloFreixo,NA,PSB,-0.427,marcelo freixo,freixo
Marcelo Ramos,AM,marceloramosam,marceloramosam,marceloramosam,PL,0.493,marcelo ramos,ramos
Marcio Alvino,SP,marcioalvino,dpmarciomarinho,marcioalvino,PL,0.493,marcio alvino,alvino
Márcio Biolchi,RS,deputadobiolchi,marciobiolchi,dep.biolchi,MDB,0.137,marcio biolchi,biolchi
Márcio Jerry,MA,marciojerry,marciojerry,marciojerry,PCDOB,-0.822,marcio jerry,jerry
Marco Bertaiolli,SP,marco.bertaiolli,MarcoBertaiolli,marco.bertaiolli,PSD,0.296,marco bertaiolli,bertaiolli
Marco Feliciano,SP,PastorMarcoFeliciano,marcofeliciano,marcofeliciano,REPUBLICANOS,0.55,marco feliciano,feliciano
Marcos Aurélio Sampaio,PI,marcosaureliosampaio,MarcosA_Sampaio,marcospsampaio,MDB,0.137,marcos aurelio sampaio,sampaio
Marcos Pereira 1010,SP,marcospereira1010,marcospereira04,marcospereira1010,REPUBLICANOS,0.55,marcos pereira,pereira
Margarete Coelho,PI,margaretecoelho.castro,MargaretCoelho,margaretecoelho,PP,0.51,margarete coelho,coelho
Margarida Salomão,MG,jfmargarida,JFMargarida,jfmargarida,PT,-0.691,margarida salomao,salomao
Maria do Rosário,SP,DeputadaMariaDoRosario,mariadorosario,_mariadorosario,PT,-0.691,maria do rosario,rosario
Maria Rosas,SP,mariarosas.oficial,mariarosassp,mariarosas.oficial,REPUBLICANOS,0.55,maria rosas,rosas
Mariana Carvalho,RO,marianacarvalho.ro,DeputadaMariana,marianacarvalho.ro,PSDB,0.157,mariana carvalho,carvalho
Marília Arraes,PE,arraes,MariliaArraes,mariliaarraes,PT,-0.691,marilia arraes,arraes
Mário Negromonte Júnior,BA,mario.negromontejunior,JrNegromonte,NA,PP,0.51,mario negromonte junior,junior
Marlon Santos,RS,MarlonSantosPolitico,NA,marlonsantosofc,PDT,-0.356,marlon santos,santos
Marreca Filho,MA,depmarrecafilho,depmarrecafilho,depmarrecafilho,PATRIOTA,0.455,marreca filho,filho
Marx Beltrão,AL,MarxBeltrao,marxbeltrao,marxbeltrao,PSD,0.296,marx beltrao,beltrao
Maurício Bacelar,BA,MauricioBacelarOficial,BacelarMauricio,bacelarmauricio,PODE,0.386,mauricio bacelar,bacelar
Mauro Benevides Filho,CE,maurobenevidesf,mauro_bfilho,mauro_benevidesfilho,PDT,-0.356,mauro benevides filho,filho
Miguel Lombardi,SP,miguellombardi.deputadofederal,NA,dep.miguellombardi,PL,0.493,miguel lombardi,lombardi
Milton Vieira,SP,miltonvieiraoficial,MiltonVieiraOfc,miltonvieiraoficial,REPUBLICANOS,0.55,milton vieira,vieira
Misael Varella,MG,deputadomisaelvarella,VarellaMisael,misaelvarella,PSD,0.296,misael varella,varella
Moses Rodrigues,CE,MosesRodriguesOficial,DepFederalMoses,mosesrodriguesoficial,MDB,0.137,moses rodrigues,rodrigues
Motta,SP,mottadoscomerciarios,deputadomotta,deputadomotta,PL,0.493,motta,motta
Natália Bonavides,RN,nataliabonavides,natbonavides,nataliabonavides,PT,-0.691,natalia bonavides,bonavides
Nelson Barbudo,MT,onelsonbarbudo,nelsonbarbudo,nelsonbarbudo,PSL,0.803,nelson barbudo,barbudo
Nelson Pelegrino,BA,nelsonpelegrino,nelsonpelegrino,nelsonpelegrino,PT,-0.691,nelson pelegrino,pelegrino
Neri Geller,MT,nerigelleroficial,NA,nerigeller,PP,0.51,neri geller,geller
Newton Cardoso,MG,NA,newton1510,newtoncardosojr,MDB,0.137,newton,cardoso
Ney Leprevost,PR,amigoneyleprevost,neyleprevost,neyleprevost,PSD,0.296,ney leprevost,leprevost
Nilson Pinto,PA,DeputadoNilsonPinto,DepNilsonPinto,nilsonpintooficial,PSDB,0.157,nilson pinto,pinto
Nilto Tatto,SP,niltotattosp,NiltoTatto,niltotatto,PT,-0.691,nilto tatto,tatto
Norma Ayub,ES,DeputadaNormaAyub,normaayub11,normaayub,DEM,0.431,norma ayub,ayub
Odair Cunha,MG,odaircunhamg,odaircunhamg,NA,PT,-0.691,odair cunha,cunha
Onyx Lorenzoni,RS,onyx.lorenzoni,onyxlorenzoni,onyxlorenzoni,DEM,0.431,onyx lorenzoni,lorenzoni
Orlando Silva,SP,orlandosilvasp,orlandosilva,orlandosilvasp,PCDOB,-0.822,orlando silva,silva
Osires Damaso,TO,OsiresDamaso,deposiresdamaso,osiresdamaso,PSC,0.596,osires damaso,damaso
Osmar Terra,RS,DeputadoOsmarTerra,OsmarTerra,terra.osmar,MDB,0.137,osmar terra,terra
Ossesio Silva,PE,Ossesio.Silva,OssesioSilva,ossesio.silva,REPUBLICANOS,0.55,ossesio silva,silva
Otoni de Paula,RJ,OtoniDeputadoFederal,OtoniDepFederal,otonidepaulapai,PSC,0.596,otoni de paula,paula
Ottaci,RR,ottacinascimento,OttaciRR,ottaci,SOLIDARIEDADE,0.19,ottaci,ottaci
Otto Alencar,BA,ottoalencaroficial,OttoAlencarFilh,ottoalencar,PSD,0.296,otto alencar,alencar
Padre João,SP,padrejoao,padrejoaozinho,NA,PT,-0.691,padre joao,joao
Pastor Alex Santana,BA,depalexsantana,depalexsantana,depalexsantana,PDT,-0.356,alex santana,santana
Pastor Isidório Filho,BA,pastorisidoriofilho,prisidorio,pastorisidoriofilho,AVANTE,0.455,isidorio filho,filho
Patrus Ananias,MG,patrusananias13,Patrus_Ananias,patrus_ananias,PT,-0.691,patrus ananias,ananias
Paula Belmonte,DF,paulabelmonteoficial,paulambelmonte,paulabelmonteoficial,CIDADANIA,-0.014,paula belmonte,belmonte
Paulão,AL,paulaodopt,paulaodopt,paulaodopt,PT,-0.691,paulao,paulao
Paulinho da Forca,SP,NA,dep_paulinho      ,deputadofederalpaulinho,SOLIDARIEDADE,0.19,paulinho,forca
Paulo Abi-Ackel,MG,abiackelpaulo,pauloabiackel,NA,PSDB,0.157,paulo abi ackel,ackel
Paulo Azi,BA,pauloazi,PauloAzi,pauloazioficial,DEM,0.431,paulo azi,azi
Paulo Bengtson,PA,prpaulobengtson,PauloBengtson,paulobengtson,PTB,0.455,paulo bengtson,bengtson
Paulo Eduardo Martins,PR,PauloEduardoOficial,PauloMartins10,paulomartins222,PSC,0.596,paulo eduardo martins,martins
Paulo Foletto,ES,PauloFoletto,DeputadoFoletto,NA,PSB,-0.427,paulo foletto,foletto
Paulo Ganime,RJ,pauloganime,pauloganime,pauloganime,NOVO,0.711,paulo ganime,ganime
Paulo Pimenta,RS,pimenta13br,Pimenta13Br,pimenta13br,PT,-0.691,paulo pimenta,pimenta
Paulo Teixeira,SP,PauloTeixeira13,pauloteixeira13,pauloteixeira13,PT,-0.691,paulo teixeira,teixeira
Pedro Bezerra,CE,pedrobezerradep,PedroABezerra,pedroaugustobezerradep,PSD,0.296,pedro bezerra,bezerra
Pedro Cunha Lima,PB,pedrocloficial,pedroocl,pedrocl,PSDB,0.157,pedro cunha lima,lima
Pedro Lucas Fernandes,MA,pedrolucasfernandesdeputadofederal,depPedroLucasF,_pedrolucasfernandes,PTB,0.455,pedro lucas fernandes,fernandes
Pedro Lupion,PR,DeputadoPedroLupion,pedro_lupion,pedrolupion,DEM,0.431,pedro lupion,lupion
Pedro Paulo,RJ,rio.pedropaulo,pedropaulo,rio.pedropaulo,DEM,0.431,pedro paulo,paulo
Pedro Uczai,SC,PedroUczai,uczai,pedro.uczai,PT,-0.691,pedro uczai,uczai
Pedro Westphalen,RS,pedrowestphalen11,pedrowestphalen,pedrowestphalen,PP,0.51,pedro westphalen,westphalen
Perpétua Almeida,AC,perpetuaalmeidaacre,perpetua_acre,perpetua_acre,PCDOB,-0.822,perpetua almeida,almeida
Pinheirinho Deputado Federal,MG,pinheirinhomg,pinheirinhomg,pinheirinhomg,PP,0.51,pinheirinho,pinheirinho
Policial Katia Sastre,SP,policialkatiasastre,KatiaSastre,policialkatiasastre,PL,0.493,policial katia sastre,sastre
Pompeo de Mattos,RS,pompeodemattospdt,PompeodeMattos,pompeodemattospdt,PDT,-0.356,pompeo de mattos,mattos
Professor Alcides,GO,ProfessorAlcidesoficial,NA,professoralcidesoficial,PP,0.51,alcides,alcides
Professor Israel,DF,profisrael,ProfIsrael,profisrael,PV,-0.069,israel,israel
Professor Joziel,RJ,professorjoziel,professorjoziel,professorjoziel,PSL,0.803,joziel,joziel
Professora Dayane Pimentel,BA,professoradayanepimentel,deppimentel,professoradayanepimentel,PSL,0.803,dayane pimentel,pimentel
Professora Dorinha,TO,profdorinha,profdorinha,profdorinha,DEM,0.431,dorinha,dorinha
Professora Marcivânia,AP,profmarcivania,profmarcivania,profmarcivania,PCDOB,-0.822,marcivania,marcivania
Professora Rosa Neide,MT,ProfessoraRosaNeide,prof_rosaneide,prof_rosaneide,PT,-0.691,rosa neide,neide
Rafael Motta,RN,rafaelmottarn,RafaelMottaRN,rafaelmottarn,PSB,-0.427,rafael motta,motta
Raimundo Costa,BA,oficialraimundocosta,raimundocostaba,oficialraimundocosta,PL,0.493,raimundo costa,costa
Raul Henry,PE,RaulHenryPE,RaulHenry,raulhenryoficial,MDB,0.137,raul henry,henry
Reginaldo Lopes,MG,reginaldolopesmg,ReginaldoLopes,reginaldolopesmg,PT,-0.691,reginaldo lopes,lopes
Rejane Dias,PI,rejaneribeiro.dias,rejane_dias,NA,PT,-0.691,rejane dias,dias
Renata Abreu,SP,renataabreu1919,RenataAbreu1919,renataabreu1919,PODE,0.386,renata abreu,abreu
Renildo Calheiros,PE,renildovcalheiros,renildo,renildocalheiros,PCDOB,-0.822,renildo calheiros,calheiros
Ricardo Barros,PR,RicardoBarrosOficial,RicardoBarrosPP,ricardobarrosoficial,PP,0.51,ricardo barros,barros
Ricardo Guidi,SC,ricardozguidi,ricardozguidi,ricardozguidi,PSD,0.296,ricardo guidi,guidi
Ricardo Teobaldo,PE,deputadoricardoteobaldo,NA,deputadoricardoteobaldo,PODE,0.386,ricardo teobaldo,teobaldo
Roberto Alves Republicanos,SP,RobertoAlvesRepublicanos,RobertoAlves_10,robertoalvesrepublicanos,REPUBLICANOS,0.55,roberto alves republicanos,republicanos
Roberto de Lucena,SP,deplucena,robertodelucena,robertodelucena,PODE,0.386,roberto de lucena,lucena
Roberto Pessoa,SP,RobertoPessoaOficial,segueoRP,robertopessoaoficial,PSDB,0.157,roberto pessoa,pessoa
Rodrigo Agostinho,SP,RodrigoAgostinhoOficial,rodrigoagost,rodrigoagostinho,PSB,-0.427,rodrigo agostinho,agostinho
Rodrigo Coelho,SC,rodrigocoelhooficial,coelho_rodrigo,rodrigocoelhooficial,PODE,0.386,rodrigo coelho,coelho
Rodrigo Maia,RJ,RodrigoMaiaRJ,RodrigoMaia,rodrigomaiarj,DEM,0.431,rodrigo maia,maia
Rogério Correia,MG,deputadorogeriocorreia,RogerioCorreia_,rogeriocorreia_,PT,-0.691,rogerio correia,correia
Rogério Peninha Mendonça,SP,deputadopeninha,deputadopeninha,deputadopeninha,MDB,0.137,rogerio peninha mendonca,mendonca
Ronaldo Carletto,BA,RonaldoCarlettoOficial,ronaldocarletto,ronaldocarletto,PP,0.51,ronaldo carletto,carletto
Rosana Valle,SP,RosanaValleOficial,DepRosanaValle,rosanavalleoficial,PSB,-0.427,rosana valle,valle
Rosangela Gomes,RJ,deputadarosangelagomes,rosangelasgomes,deputadarosangelagomes,REPUBLICANOS,0.55,rosangela gomes,gomes
Rose Modesto,MS,rosemodestoms,NA,rosemodestoms,PSDB,0.157,rose modesto,modesto
Rubens Bueno,PR,23rubensbueno,23rubensbueno,23rubensbueno,CIDADANIA,-0.014,rubens bueno,bueno
Rubens Jr,MA,rubenspereirajrs,rubenspereirajr,rubenspereirajr,PCDOB,-0.822,rubens jr,jr
Rubens Otoni,GO,rubensotoni,RubensOtoni,rubensotoni,PT,-0.691,rubens otoni,otoni
Rui Falcão,SP,rfalcao13,rfalcao13,rfalcao13,PT,-0.691,rui falcao,falcao
Ruy Carneiro,PB,ruycarneiropb,ruycarneiropb,ruy.carneiro,PSDB,0.157,ruy carneiro,carneiro
Sâmia Bomfim,SP,samia.bomfim.psol,samiabomfim,samiabomfim,PSOL,-0.874,samia bomfim,bomfim
Samuel Moreira,SP,samuelmoreiraregistro,samuelmoreira,samuelmoreiraregistro,PSDB,0.157,samuel moreira,moreira
Sandro Alex,SP,depsandroalex,SandroAlex5555,dep_sandro_alex,PSD,0.296,sandro alex,alex
Sargento Fahur,PR,SargentoFahur10,SargentoFAHUR,sargentofahur,PSD,0.296,sargento fahur,fahur
Sebastião Oliveira,PE,sebastiaooliveirape,NA,sebastiaooliveirape,AVANTE,0.455,sebastiao oliveira,oliveira
Sérgio Souza,PR,sergiosouzaPR,_sergiosouza,sergiosouzapr,MDB,0.137,sergio souza,souza
Sérgio Toledo,AL,deputadosergiotoledo,NA,sergiotoledo90,PL,0.493,sergio toledo,toledo
Sergio Vidigal,ES,vidigalsergio,vidigalsergio,sergiovidigal,PDT,-0.356,sergio vidigal,vidigal
Severino Pessoa,AL,severinolpessoaal,severinopessoaa,severinopessoa.al,REPUBLICANOS,0.55,severino pessoa,pessoa
Shéridan,RR,SheridanRR,NA,sheridanrr,PSDB,0.157,sheridan,sheridan
Sidney Leite,AM,leitesidney,sidneyleite_,NA,PSD,0.296,sidney leite,leite
Silas Câmara 1010,AM,DepSilas,silascamara_,depsilascamara,REPUBLICANOS,0.55,silas camara,camara
Silvia Cristina,RO,silviacristina.ro,NA,silviacristina.ro,PDT,-0.356,silvia cristina,cristina
Silvio Costa Filho,PE,silvio.costafilhoi,Silvio_CFilho,silviocostafilho,REPUBLICANOS,0.55,silvio costa filho,filho
Soraya Santos,RJ,deputadasorayasantos,depsorayasantos,dep.sorayasantos,PL,0.493,soraya santos,santos
Sóstenes Cavalcante,RJ,sostenescavalcante,DepSostenes,sostenescavalcante,DEM,0.431,sostenes cavalcante,cavalcante
Stefano Aguiar,MG,PastorStefanoAguiar,depstefano,depstefano,PSD,0.296,stefano aguiar,aguiar
Subtenente Gonzaga,MG,deputadosubtenentegonzaga,subgonzagamg,subtenentegonzagamg,PDT,-0.356,subtenente gonzaga,gonzaga
Tabata Amaral,SP,tabataamaralSP,tabataamaralsp,tabataamaralsp,PDT,-0.356,tabata amaral,amaral
Tadeu Alencar,PE,DeputadoTadeuAlencar,TadeuAlencarPE,tadeualencarpe,PSB,-0.427,tadeu alencar,alencar
Talíria Petrone,RJ,taliriapetronepsol,taliriapetrone,taliriapetrone,PSOL,-0.874,taliria petrone,petrone
Tereza Cristina,MS,terezacristinams,TerezaCrisMS,terezacristinams,DEM,0.431,tereza cristina,cristina
Tereza Nelma,AL,TerezaNelmaAL,terezanelmaal,terezanelmaal,PSDB,0.157,tereza nelma,nelma
Tiago Dimas,TO,depfederaltiagodimas,tiago_dimas,tiagodimas,SOLIDARIEDADE,0.19,tiago dimas,dimas
Tiago Mitraud,MG,TiagoMitraud,TiagoMitraud,tiagomitraud,NOVO,0.711,tiago mitraud,mitraud
Tiririca,SP,tiririca,tiriricanaweb,tiririca,PL,0.493,tiririca,tiririca
Túlio Gadêlha,PE,TulioGadelhaOficial,tuliogadelha,tulio.gadelha,PDT,-0.356,tulio gadelha,gadelha
Valdevan Noventa,SE,ValdevanNoventaOficial,ValdevanNoventa,valdevannoventa,PL,0.493,valdevan noventa,noventa
Valmir Assunção Lula da Silva,BA,depvalmir,DepValmir,depvalmir,PT,-0.691,valmir assuncao lula da silva,silva
Vanda Milani,AC,dravandamilani.ac,NA,vandamilani_,SOLIDARIEDADE,0.19,vanda milani,milani
Vander Loubet,MS,deputadovander,vanderloubet,vanderloubet,PT,-0.691,vander loubet,loubet
Vavá,PA,vavamartinsoficial,vavamartinspa,deputado_vavamartins_1010,REPUBLICANOS,0.55,vava,vava
Vermelho Deputado Federal,PR,deputadovermelho,depvermelho,deputado_vermelho,PSD,0.296,vermelho,vermelho
Vicentinho Júnior,TO,VicentinhoJr,vicentinhojr,NA,PL,0.493,vicentinho junior,junior
Vilson da Fetaemg,MG,VilsondaFetaemg,Vilsondafetaemg,vilsondafetaemg,PSB,-0.427,vilson da fetaemg,fetaemg
Vinicius Carvalho,SP,viniciuscarvalhooficial,falecomvinicius,viniciuscarvalhooficial,REPUBLICANOS,0.55,vinicius carvalho,carvalho
Vinicius Farah,RJ,farah.vinicius,NA,NA,MDB,0.137,vinicius farah,farah
Vinícius Gurgel,AP,deputadoviniciusgurgel,VinciusGurgel3,viniciusgurgel_,PL,0.493,vinicius gurgel,gurgel
Vinicius Poit,SP,ViniciusPoit,ViniciusPoit,viniciuspoit,NOVO,0.711,vinicius poit,poit
Vitor Lippi,SP,vitorlippi,DepVitorLippi,vitorlippi,PSDB,0.157,vitor lippi,lippi
Wagner Montes,CE,depwagnermontes,capitao_wagner,NA,PROS,0.19,wagner montes,montes
Waldenor Pereira,BA,deputadowaldenorpereira,WaldenorPereira,depwaldenor,PT,-0.691,waldenor pereira,pereira
Walter Pereira Alves,RN,WalterAlves1511,walteralvesrn,NA,MDB,0.137,walter pereira alves,alves
Weliton Prado,MG,welitonpradodeputado,NA,NA,PROS,0.19,weliton prado,prado
Wellington Roberto,PB,depwellingtonroberto,NA,wellingtonroberto.pb,PL,0.493,wellington roberto,roberto
Wilson Santiago,PB,wilsonsantiagopb,WilsonSantiago_,wilsonsantiago,PTB,0.455,wilson santiago,santiago
Wladimir Garotinho,RJ,wladimirgarotinhoo,WladGarotinho,wladimirgarotinho,PSD,0.296,wladimir garotinho,garotinho
Wolney Queiroz,PE,wolneyqueirozpe,WolneyQueirozM,wolneyqueiroz,PDT,-0.356,wolney queiroz,queiroz
Zé Haroldo Cathedral,RR,joseharoldocathedral,ze_haroldo,zeharoldocathedral,PSD,0.296,ze haroldo cathedral,cathedral
Zé Mário,GO,zemariogo,ZeMarioGO,zemariogo,DEM,0.431,ze mario,mario
Zé Neto,BA,depzeneto,depzeneto1323,depzeneto,PT,-0.691,ze neto,neto
Zé Vitor,MG,zevitorMG,zevitor_mg,zevitormg,PL,0.493,ze vitor,vitor
Zeca Dirceu,PR,deputadofederalzecadirceu,zeca_dirceu,zecadirceuoficial,PT,-0.691,zeca dirceu,dirceu
antoniobritobahia,BA,antoniobritobahia,NA,NA,PSD,0.296,antonio,brito
